timestamp,integral_dt,error_count,x,y,z,x_integral,y_integral,z_integral,temperature,range_m_s2,scaling,device_id,x_raw,y_raw,z_raw,temperature_raw
11594276,0,0,0.0,0.0,0.0,0.0,0.0,0.0,25.0,0.0,0.0,0,0,0,0,0
11769153,0,0,0.0,0.0,0.0,0.0,0.0,0.0,25.0,0.0,0.0,0,0,0,0,0
11821540,0,0,0.0,0.0,0.0,0.0,0.0,0.0,25.0,0.0,0.0,0,0,0,0,0
11871680,0,0,0.0,0.0,0.0,0.0,0.0,0.0,25.0,0.0,0.0,0,0,0,0,0
11928936,0,0,0.0,0.0,0.0,0.0,0.0,0.0,25.0,0.0,0.0,0,0,0,0,0
11979077,0,0,0.0,0.0,0.0,0.0,0.0,0.0,25.0,0.0,0.0,0,0,0,0,0
12030998,0,0,0.0,0.0,0.0,0.0,0.0,0.0,25.0,0.0,0.0,0,0,0,0,0
12083771,0,0,0.0,0.0,0.0,0.0,0.0,0.0,25.0,0.0,0.0,0,0,0,0,0
12138511,0,0,0.0,0.0,0.0,0.0,0.0,0.0,25.0,0.0,0.0,0,0,0,0,0
12188014,0,0,0.0,0.0,0.0,0.0,0.0,0.0,25.0,0.0,0.0,0,0,0,0,0
12241579,0,0,0.0,0.0,0.0,0.0,0.0,0.0,25.0,0.0,0.0,0,0,0,0,0
12293591,0,0,0.0,0.0,0.0,0.0,0.0,0.0,25.0,0.0,0.0,0,0,0,0,0
12346810,0,0,0.0,0.0,0.0,0.0,0.0,0.0,25.0,0.0,0.0,0,0,0,0,0
12400776,0,0,0.0,0.0,0.0,0.0,0.0,0.0,25.0,0.0,0.0,0,0,0,0,0
12450484,0,0,0.0,0.0,0.0,0.0,0.0,0.0,25.0,0.0,0.0,0,0,0,0,0
12502459,0,0,128.0,0.0,0.0,0.0,0.0,0.0,25.0,0.0,0.0,0,13052,0,0,0
12555460,0,0,916.0,0.0,0.0,0.0,0.0,0.0,25.0,0.0,0.0,0,27870,0,0,0
12610490,0,0,1615.0,0.0,0.0,0.0,0.0,0.0,25.0,0.0,0.0,0,-31924,0,0,0
12663490,0,0,2207.0,0.0,0.0,0.0,0.0,0.0,25.0,0.0,0.0,0,28443,0,0,0
12712471,0,0,2695.0,0.0,0.0,0.0,0.0,0.0,25.0,0.0,0.0,0,12669,0,0,0
12767495,0,0,3116.0,0.0,0.0,0.0,0.0,0.0,25.0,0.0,0.0,0,-9937,0,0,0
12817460,0,0,3375.0,0.0,0.0,0.0,0.0,0.0,25.0,0.0,0.0,0,16474,0,0,0
12872474,0,0,3586.0,0.0,0.0,0.0,0.0,0.0,25.0,0.0,0.0,0,-27546,0,0,0
12922477,0,0,3784.0,0.0,0.0,0.0,0.0,0.0,25.0,0.0,0.0,0,-7356,0,0,0
12975495,0,0,3946.0,13.0,0.0,0.0,0.0,0.0,25.0,0.0,0.0,0,9164,1325,0,0
13025590,0,0,4054.0,32.0,0.0,0.0,0.0,0.0,25.0,0.0,0.0,0,20176,3263,0,0
13035470,0,0,4069.0,35.0,0.0,0.0,0.0,0.0,25.0,0.0,0.0,0,21706,3569,0,0
13141195,0,0,4077.0,36.0,0.0,0.0,0.0,0.0,25.0,0.0,0.0,0,22522,3670,0,0
13195497,0,0,4154.0,55.0,0.0,0.0,0.0,0.0,25.0,0.0,0.0,0,30374,5608,0,0
13246913,0,0,4202.0,72.0,0.0,0.0,0.0,0.0,25.0,0.0,0.0,0,-30268,7341,0,0
13298475,0,0,4233.0,90.0,0.0,0.0,0.0,0.0,25.0,0.0,0.0,0,-27107,9177,0,0
13350159,0,0,4252.0,111.0,0.0,0.0,0.0,0.0,25.0,0.0,0.0,0,-25169,11318,0,0
13403492,0,0,4259.0,130.0,0.0,0.0,0.0,0.0,25.0,0.0,0.0,0,-24455,13256,0,0
13456093,0,0,4258.0,151.0,0.0,0.0,0.0,0.0,25.0,0.0,0.0,0,-24557,15397,0,0
13507499,0,0,4251.0,168.0,0.0,0.0,0.0,0.0,25.0,0.0,0.0,0,-25271,17131,0,0
13560564,0,0,4239.0,184.0,0.0,0.0,0.0,0.0,25.0,0.0,0.0,0,-26495,18762,0,0
13610922,0,0,4223.0,196.0,0.0,0.0,0.0,0.0,25.0,0.0,0.0,0,-28126,19986,0,0
13664491,0,0,4205.0,202.0,0.0,0.0,0.0,0.0,25.0,0.0,0.0,0,-29962,20598,0,0
13718586,0,0,4185.0,180.0,0.0,0.0,0.0,0.0,25.0,0.0,0.0,0,-32001,18354,0,0
13770480,0,0,4165.0,160.0,0.0,0.0,0.0,0.0,25.0,0.0,0.0,0,31495,16315,0,0
13823473,0,0,4142.0,139.0,0.0,0.0,0.0,0.0,25.0,0.0,0.0,0,29150,14174,0,0
13872398,0,0,4121.0,124.0,0.0,0.0,0.0,0.0,25.0,0.0,0.0,0,27009,12644,0,0
13929531,0,0,4097.0,110.0,0.0,0.0,0.0,0.0,25.0,0.0,0.0,0,24561,11216,0,0
13982590,0,0,4062.0,281.0,0.0,0.0,0.0,0.0,25.0,0.0,0.0,0,20992,28654,0,0
14031478,0,0,4037.0,299.0,0.0,0.0,0.0,0.0,25.0,0.0,0.0,0,18443,30489,0,0
14086717,0,0,4010.0,315.0,0.0,0.0,0.0,0.0,25.0,0.0,0.0,0,15690,32121,0,0
14140474,0,0,3985.0,325.0,0.0,0.0,0.0,0.0,25.0,0.0,0.0,0,13140,-32396,0,0
14189474,0,0,3964.0,332.0,0.0,0.0,0.0,0.0,25.0,0.0,0.0,0,10999,-31682,0,0
14243507,0,0,3939.0,336.0,0.0,0.0,0.0,0.0,25.0,0.0,0.0,0,8450,-31274,0,0
14297494,0,0,3915.0,355.0,0.0,0.0,0.0,0.0,25.0,0.0,0.0,0,6002,-29337,0,0
14349487,0,0,3892.0,353.0,0.0,0.0,0.0,0.0,25.0,0.0,0.0,0,3657,-29541,0,0
14400555,0,0,3870.0,351.0,0.0,0.0,0.0,0.0,25.0,0.0,0.0,0,1414,-29744,0,0
14454814,0,0,3845.0,349.0,0.0,0.0,0.0,0.0,25.0,0.0,0.0,0,-1136,-29948,0,0
14507491,0,0,3825.0,347.0,0.0,0.0,0.0,0.0,25.0,0.0,0.0,0,-3175,-30152,0,0
14557475,0,0,3803.0,345.0,0.0,0.0,0.0,0.0,25.0,0.0,0.0,0,-5418,-30356,0,0
14609588,0,0,3783.0,343.0,0.0,0.0,0.0,0.0,25.0,0.0,0.0,0,-7458,-30560,0,0
14662497,0,0,3763.0,342.0,0.0,0.0,0.0,0.0,25.0,0.0,0.0,0,-9497,-30662,0,0
14716502,0,0,3744.0,340.0,0.0,0.0,0.0,0.0,25.0,0.0,0.0,0,-11435,-30866,0,0
14769494,0,0,3727.0,338.0,0.0,0.0,0.0,0.0,25.0,0.0,0.0,0,-13168,-31070,0,0
14818555,0,0,3710.0,337.0,0.0,0.0,0.0,0.0,25.0,0.0,0.0,0,-14902,-31172,0,0
14875492,0,0,3689.0,335.0,0.0,0.0,0.0,0.0,25.0,0.0,0.0,0,-17043,-31376,0,0
14926685,0,0,3670.0,333.0,0.0,0.0,0.0,0.0,25.0,0.0,0.0,0,-18981,-31580,0,0
14967471,0,0,3657.0,332.0,0.0,0.0,0.0,0.0,25.0,0.0,0.0,0,-20306,-31682,0,0
15030485,0,0,3643.0,332.0,0.0,0.0,0.0,0.0,25.0,0.0,0.0,0,-21734,-31682,0,0
15081573,0,0,3625.0,332.0,0.0,0.0,0.0,0.0,25.0,0.0,0.0,0,-23569,-31682,0,0
15135870,0,0,3608.0,332.0,0.0,0.0,0.0,0.0,25.0,0.0,0.0,0,-25303,-31682,0,0
15189465,0,0,3590.0,332.0,0.0,0.0,0.0,0.0,25.0,0.0,0.0,0,-27138,-31682,0,0
15239523,0,0,3578.0,333.0,0.0,0.0,0.0,0.0,25.0,0.0,0.0,0,-28362,-31580,0,0
15295493,0,0,3565.0,333.0,0.0,0.0,0.0,0.0,25.0,0.0,0.0,0,-29688,-31580,0,0
15342474,0,0,3550.0,333.0,0.0,0.0,0.0,0.0,25.0,0.0,0.0,0,-31217,-31580,0,0
15396547,0,0,3533.0,334.0,0.0,0.0,0.0,0.0,25.0,0.0,0.0,0,32585,-31478,0,0
15448478,0,0,3517.0,335.0,0.0,0.0,0.0,0.0,25.0,0.0,0.0,0,30954,-31376,0,0
15505476,0,0,3499.0,337.0,0.0,0.0,0.0,0.0,25.0,0.0,0.0,0,29118,-31172,0,0
15556498,0,0,3485.0,338.0,0.0,0.0,0.0,0.0,25.0,0.0,0.0,0,27691,-31070,0,0
15606476,0,0,3475.0,339.0,0.0,0.0,0.0,0.0,25.0,0.0,0.0,0,26671,-30968,0,0
15657494,0,0,3462.0,340.0,0.0,0.0,0.0,0.0,25.0,0.0,0.0,0,25345,-30866,0,0
15710475,0,0,3448.0,342.0,0.0,0.0,0.0,0.0,25.0,0.0,0.0,0,23918,-30662,0,0
15764588,0,0,3433.0,343.0,0.0,0.0,0.0,0.0,25.0,0.0,0.0,0,22388,-30560,0,0
15820478,0,0,3404.0,338.0,-53.0,0.0,0.0,0.0,25.0,0.0,0.0,0,19431,-31070,-5404,0
15870486,0,0,3367.0,333.0,-78.0,0.0,0.0,0.0,25.0,0.0,0.0,0,15658,-31580,-7953,0
15924478,0,0,3326.0,329.0,-61.0,0.0,0.0,0.0,25.0,0.0,0.0,0,11477,-31988,-6220,0
15976484,0,0,3279.0,335.0,-28.0,0.0,0.0,0.0,25.0,0.0,0.0,0,6684,-31376,-2855,0
16028552,0,0,3228.0,332.0,-2.0,0.0,0.0,0.0,25.0,0.0,0.0,0,1484,-31682,-203,0
16082495,0,0,3179.0,328.0,2.0,0.0,0.0,0.0,25.0,0.0,0.0,0,-3513,-32090,203,0
16133526,0,0,3137.0,323.0,-9.0,0.0,0.0,0.0,25.0,0.0,0.0,0,-7796,-32600,-917,0
16186505,0,0,3093.0,318.0,-28.0,0.0,0.0,0.0,25.0,0.0,0.0,0,-12282,32426,-2855,0
16238480,0,0,3063.0,314.0,-39.0,0.0,0.0,0.0,25.0,0.0,0.0,0,-15341,32019,-3976,0
16289480,0,0,3030.0,310.0,-47.0,0.0,0.0,0.0,25.0,0.0,0.0,0,-18706,31611,-4792,0
16344497,0,0,2990.0,306.0,-50.0,0.0,0.0,0.0,25.0,0.0,0.0,0,-22785,31203,-5098,0
16396475,0,0,2947.0,302.0,-50.0,0.0,0.0,0.0,25.0,0.0,0.0,0,-27170,30795,-5098,0
16446554,0,0,2906.0,298.0,-49.0,0.0,0.0,0.0,25.0,0.0,0.0,0,-31351,30387,-4996,0
16500491,0,0,2870.0,294.0,-50.0,0.0,0.0,0.0,25.0,0.0,0.0,0,30514,29979,-5098,0
16554520,0,0,2834.0,291.0,-52.0,0.0,0.0,0.0,25.0,0.0,0.0,0,26843,29673,-5302,0
16604483,0,0,2798.0,287.0,-56.0,0.0,0.0,0.0,25.0,0.0,0.0,0,23172,29265,-5710,0
16660478,0,0,2757.0,283.0,-60.0,0.0,0.0,0.0,25.0,0.0,0.0,0,18991,28857,-6118,0
16707469,0,0,2726.0,279.0,-62.0,0.0,0.0,0.0,25.0,0.0,0.0,0,15830,28450,-6322,0
16762496,0,0,2691.0,276.0,-63.0,0.0,0.0,0.0,25.0,0.0,0.0,0,12261,28144,-6424,0
16815490,0,0,2654.0,272.0,-64.0,0.0,0.0,0.0,25.0,0.0,0.0,0,8488,27736,-6526,0
16865478,0,0,2627.0,265.0,-65.0,0.0,0.0,0.0,25.0,0.0,0.0,0,5735,27022,-6628,0
16919287,0,0,2591.0,255.0,-66.0,0.0,0.0,0.0,25.0,0.0,0.0,0,2064,26002,-6730,0
16972466,0,0,2558.0,248.0,-67.0,0.0,0.0,0.0,25.0,0.0,0.0,0,-1301,25288,-6832,0
17025535,0,0,2523.0,242.0,-69.0,0.0,0.0,0.0,25.0,0.0,0.0,0,-4870,24677,-7036,0
17080496,0,0,2486.0,237.0,-70.0,0.0,0.0,0.0,25.0,0.0,0.0,0,-8643,24167,-7138,0
17129478,0,0,2452.0,235.0,-71.0,0.0,0.0,0.0,25.0,0.0,0.0,0,-12110,23963,-7239,0
17183558,0,0,2418.0,233.0,-72.0,0.0,0.0,0.0,25.0,0.0,0.0,0,-15577,23759,-7341,0
17237480,0,0,2382.0,233.0,-72.0,0.0,0.0,0.0,25.0,0.0,0.0,0,-19248,23759,-7341,0
17287475,0,0,2349.0,232.0,-73.0,0.0,0.0,0.0,25.0,0.0,0.0,0,-22613,23657,-7443,0
17338477,0,0,2316.0,230.0,-73.0,0.0,0.0,0.0,25.0,0.0,0.0,0,-25978,23453,-7443,0
17393478,0,0,2281.0,229.0,-74.0,0.0,0.0,0.0,25.0,0.0,0.0,0,-29547,23351,-7545,0
17441466,0,0,2249.0,227.0,-74.0,0.0,0.0,0.0,25.0,0.0,0.0,0,32726,23147,-7545,0
17499497,0,0,2214.0,224.0,-74.0,0.0,0.0,0.0,25.0,0.0,0.0,0,29157,22841,-7545,0
17547534,0,0,2186.0,220.0,-74.0,0.0,0.0,0.0,25.0,0.0,0.0,0,26301,22433,-7545,0
17604467,0,0,2157.0,216.0,-74.0,0.0,0.0,0.0,25.0,0.0,0.0,0,23344,22025,-7545,0
17657554,0,0,2134.0,212.0,-74.0,0.0,0.0,0.0,25.0,0.0,0.0,0,20999,21617,-7545,0
17710501,0,0,2103.0,207.0,-74.0,0.0,0.0,0.0,25.0,0.0,0.0,0,17838,21108,-7545,0
17758383,0,0,2073.0,201.0,-74.0,0.0,0.0,0.0,25.0,0.0,0.0,0,14779,20496,-7545,0
17815466,0,0,2041.0,195.0,-74.0,0.0,0.0,0.0,25.0,0.0,0.0,0,11516,19884,-7545,0
17863481,0,0,2014.0,190.0,-74.0,0.0,0.0,0.0,25.0,0.0,0.0,0,8762,19374,-7545,0
17916482,0,0,1982.0,185.0,-74.0,0.0,0.0,0.0,25.0,0.0,0.0,0,5499,18864,-7545,0
17969498,0,0,1954.0,180.0,-73.0,0.0,0.0,0.0,25.0,0.0,0.0,0,2644,18354,-7443,0
18023477,0,0,1923.0,176.0,-73.0,0.0,0.0,0.0,25.0,0.0,0.0,0,-517,17947,-7443,0
18074552,0,0,1897.0,174.0,-73.0,0.0,0.0,0.0,25.0,0.0,0.0,0,-3168,17743,-7443,0
18128481,0,0,1867.0,171.0,-72.0,0.0,0.0,0.0,25.0,0.0,0.0,0,-6227,17437,-7341,0
18179496,0,0,1840.0,169.0,-72.0,0.0,0.0,0.0,25.0,0.0,0.0,0,-8981,17233,-7341,0
18233524,0,0,1811.0,167.0,-72.0,0.0,0.0,0.0,25.0,0.0,0.0,0,-11938,17029,-7341,0
18285486,0,0,1784.0,165.0,-71.0,0.0,0.0,0.0,25.0,0.0,0.0,0,-14691,16825,-7239,0
18335481,0,0,1758.0,163.0,-71.0,0.0,0.0,0.0,25.0,0.0,0.0,0,-17342,16621,-7239,0
18391485,0,0,1730.0,161.0,-70.0,0.0,0.0,0.0,25.0,0.0,0.0,0,-20198,16417,-7138,0
18443494,0,0,1704.0,158.0,-70.0,0.0,0.0,0.0,25.0,0.0,0.0,0,-22849,16111,-7138,0
18497494,0,0,1678.0,159.0,-69.0,0.0,0.0,0.0,25.0,0.0,0.0,0,-25500,16213,-7036,0
18548525,0,0,1654.0,153.0,-68.0,0.0,0.0,0.0,25.0,0.0,0.0,0,-27947,15601,-6934,0
18603465,0,0,1627.0,149.0,-68.0,0.0,0.0,0.0,25.0,0.0,0.0,0,-30701,15193,-6934,0
18651809,0,0,1604.0,146.0,-67.0,0.0,0.0,0.0,25.0,0.0,0.0,0,32490,14887,-6832,0
18705576,0,0,1580.0,143.0,-67.0,0.0,0.0,0.0,25.0,0.0,0.0,0,30043,14581,-6832,0
18756591,0,0,1557.0,140.0,-66.0,0.0,0.0,0.0,25.0,0.0,0.0,0,27697,14276,-6730,0
18809499,0,0,1533.0,137.0,-66.0,0.0,0.0,0.0,25.0,0.0,0.0,0,25250,13970,-6730,0
18864517,0,0,1514.0,134.0,-65.0,0.0,0.0,0.0,25.0,0.0,0.0,0,23313,13664,-6628,0
18913903,0,0,1495.0,132.0,-65.0,0.0,0.0,0.0,25.0,0.0,0.0,0,21375,13460,-6628,0
18970497,0,0,1472.0,130.0,-64.0,0.0,0.0,0.0,25.0,0.0,0.0,0,19030,13256,-6526,0
19021487,0,0,1450.0,128.0,-63.0,0.0,0.0,0.0,25.0,0.0,0.0,0,16786,13052,-6424,0
19122898,0,0,1448.0,128.0,-63.0,0.0,0.0,0.0,25.0,0.0,0.0,0,16582,13052,-6424,0
19174483,0,0,1424.0,125.0,-63.0,0.0,0.0,0.0,25.0,0.0,0.0,0,14135,12746,-6424,0
19229552,0,0,1402.0,124.0,-62.0,0.0,0.0,0.0,25.0,0.0,0.0,0,11892,12644,-6322,0
19278478,0,0,1381.0,122.0,-61.0,0.0,0.0,0.0,25.0,0.0,0.0,0,9750,12440,-6220,0
19333479,0,0,1358.0,124.0,-60.0,0.0,0.0,0.0,25.0,0.0,0.0,0,7405,12644,-6118,0
19386481,0,0,1337.0,118.0,-60.0,0.0,0.0,0.0,25.0,0.0,0.0,0,5264,12032,-6118,0
19435479,0,0,1318.0,117.0,-59.0,0.0,0.0,0.0,25.0,0.0,0.0,0,3326,11930,-6016,0
19487478,0,0,1300.0,115.0,-59.0,0.0,0.0,0.0,25.0,0.0,0.0,0,1491,11726,-6016,0
19543530,0,0,1281.0,113.0,-58.0,0.0,0.0,0.0,25.0,0.0,0.0,0,-447,11522,-5914,0
19593496,0,0,1263.0,111.0,-57.0,0.0,0.0,0.0,25.0,0.0,0.0,0,-2282,11318,-5812,0
19644524,0,0,1244.0,109.0,-57.0,0.0,0.0,0.0,25.0,0.0,0.0,0,-4220,11114,-5812,0
19697498,0,0,1223.0,106.0,-56.0,0.0,0.0,0.0,25.0,0.0,0.0,0,-6361,10808,-5710,0
19752479,0,0,1202.0,104.0,-55.0,0.0,0.0,0.0,25.0,0.0,0.0,0,-8503,10605,-5608,0
19805466,0,0,1182.0,102.0,-55.0,0.0,0.0,0.0,25.0,0.0,0.0,0,-10542,10401,-5608,0
19859480,0,0,1162.0,100.0,-54.0,0.0,0.0,0.0,25.0,0.0,0.0,0,-12581,10197,-5506,0
19908494,0,0,1144.0,98.0,-53.0,0.0,0.0,0.0,25.0,0.0,0.0,0,-14417,9993,-5404,0
19961478,0,0,1125.0,100.0,-52.0,0.0,0.0,0.0,25.0,0.0,0.0,0,-16354,10197,-5302,0
20013482,0,0,1107.0,95.0,-52.0,0.0,0.0,0.0,25.0,0.0,0.0,0,-18190,9687,-5302,0
20069183,0,0,1087.0,93.0,-51.0,0.0,0.0,0.0,25.0,0.0,0.0,0,-20229,9483,-5200,0
20119512,0,0,1071.0,92.0,-50.0,0.0,0.0,0.0,25.0,0.0,0.0,0,-21861,9381,-5098,0
20170512,0,0,1055.0,90.0,-50.0,0.0,0.0,0.0,25.0,0.0,0.0,0,-23492,9177,-5098,0
20226494,0,0,1035.0,89.0,-49.0,0.0,0.0,0.0,25.0,0.0,0.0,0,-25532,9075,-4996,0
20277497,0,0,1019.0,87.0,-48.0,0.0,0.0,0.0,25.0,0.0,0.0,0,-27163,8871,-4894,0
20329560,0,0,1003.0,85.0,-48.0,0.0,0.0,0.0,25.0,0.0,0.0,0,-28795,8667,-4894,0
20382477,0,0,986.0,84.0,-47.0,0.0,0.0,0.0,25.0,0.0,0.0,0,-30528,8565,-4792,0
20434506,0,0,969.0,82.0,-46.0,0.0,0.0,0.0,25.0,0.0,0.0,0,-32262,8361,-4690,0
20487480,0,0,954.0,81.0,-46.0,0.0,0.0,0.0,25.0,0.0,0.0,0,31744,8259,-4690,0
20539474,0,0,937.0,79.0,-45.0,0.0,0.0,0.0,25.0,0.0,0.0,0,30011,8055,-4588,0
20591466,0,0,922.0,78.0,-44.0,0.0,0.0,0.0,25.0,0.0,0.0,0,28481,7953,-4486,0
20643577,0,0,908.0,77.0,-44.0,0.0,0.0,0.0,25.0,0.0,0.0,0,27054,7851,-4486,0
20699466,0,0,892.0,75.0,-43.0,0.0,0.0,0.0,25.0,0.0,0.0,0,25422,7647,-4384,0
20750466,0,0,877.0,74.0,-42.0,0.0,0.0,0.0,25.0,0.0,0.0,0,23893,7545,-4282,0
20801477,0,0,863.0,73.0,-42.0,0.0,0.0,0.0,25.0,0.0,0.0,0,22465,7443,-4282,0
20852480,0,0,849.0,71.0,-41.0,0.0,0.0,0.0,25.0,0.0,0.0,0,21037,7239,-4180,0
20908482,0,0,834.0,70.0,-41.0,0.0,0.0,0.0,25.0,0.0,0.0,0,19508,7138,-4180,0
20958479,0,0,823.0,69.0,-40.0,0.0,0.0,0.0,25.0,0.0,0.0,0,18386,7036,-4078,0
21014477,0,0,811.0,68.0,-40.0,0.0,0.0,0.0,25.0,0.0,0.0,0,17162,6934,-4078,0
21063484,0,0,837.0,76.0,198.0,0.0,0.0,0.0,25.0,0.0,0.0,0,19814,7749,20190,0
21117527,0,0,892.0,75.0,164.0,0.0,0.0,0.0,25.0,0.0,0.0,0,25422,7647,16723,0
21170482,0,0,1008.0,63.0,-208.0,0.0,0.0,0.0,25.0,0.0,0.0,0,-28285,6424,-21210,0
21223464,0,0,1274.0,76.0,28.0,0.0,0.0,0.0,25.0,0.0,0.0,0,-1161,7749,2855,0
21272496,0,0,1421.0,69.0,-279.0,0.0,0.0,0.0,25.0,0.0,0.0,0,13829,7036,-28450,0
21326466,0,0,1536.0,82.0,-333.0,0.0,0.0,0.0,25.0,0.0,0.0,0,25556,8361,31580,0
21378877,0,0,1697.0,114.0,-115.0,0.0,0.0,0.0,25.0,0.0,0.0,0,-23563,11624,-11726,0
21434466,0,0,1950.0,-27.0,261.0,0.0,0.0,0.0,25.0,0.0,0.0,0,2236,-2753,26614,0
21485477,0,0,2086.0,-144.0,-647.0,0.0,0.0,0.0,25.0,0.0,0.0,0,16104,-14683,-439,0
21535341,0,0,2082.0,-165.0,-293.0,0.0,0.0,0.0,25.0,0.0,0.0,0,15696,-16825,-29877,0
21589473,0,0,1997.0,-130.0,176.0,0.0,0.0,0.0,25.0,0.0,0.0,0,7029,-13256,17947,0
21642481,0,0,1956.0,-154.0,104.0,0.0,0.0,0.0,25.0,0.0,0.0,0,2848,-15703,10605,0
21694503,0,0,1957.0,-227.0,-73.0,0.0,0.0,0.0,25.0,0.0,0.0,0,2950,-23147,-7443,0
21748616,0,0,1949.0,-295.0,-71.0,0.0,0.0,0.0,25.0,0.0,0.0,0,2134,-30081,-7239,0
21801496,0,0,1927.0,-341.0,-10.0,0.0,0.0,0.0,25.0,0.0,0.0,0,-109,30764,-1019,0
21854494,0,0,1909.0,-371.0,-2.0,0.0,0.0,0.0,25.0,0.0,0.0,0,-1945,27705,-203,0
21904783,0,0,1897.0,-391.0,-16.0,0.0,0.0,0.0,25.0,0.0,0.0,0,-3168,25666,-1631,0
21956494,0,0,1884.0,-405.0,-30.0,0.0,0.0,0.0,25.0,0.0,0.0,0,-4494,24238,-3059,0
22011520,0,0,1866.0,-407.0,-27.0,0.0,0.0,0.0,25.0,0.0,0.0,0,-6329,24034,-2753,0
22062497,0,0,1853.0,-401.0,-23.0,0.0,0.0,0.0,25.0,0.0,0.0,0,-7655,24646,-2345,0
22111958,0,0,1827.0,-382.0,-55.0,0.0,0.0,0.0,25.0,0.0,0.0,0,-10306,26583,-5608,0
22167747,0,0,1801.0,-363.0,-103.0,0.0,0.0,0.0,25.0,0.0,0.0,0,-12958,28521,-10503,0
22219511,0,0,1777.0,-350.0,-144.0,0.0,0.0,0.0,25.0,0.0,0.0,0,-15405,29846,-14683,0
22274478,0,0,1747.0,-341.0,-199.0,0.0,0.0,0.0,25.0,0.0,0.0,0,-18464,30764,-20292,0
22326496,0,0,1715.0,-342.0,-263.0,0.0,0.0,0.0,25.0,0.0,0.0,0,-21727,30662,-26818,0
22376477,0,0,1685.0,-350.0,-330.0,0.0,0.0,0.0,25.0,0.0,0.0,0,-24786,29846,31886,0
22430601,0,0,1651.0,-365.0,-403.0,0.0,0.0,0.0,25.0,0.0,0.0,0,-28253,28317,24442,0
22481497,0,0,1619.0,-379.0,-469.0,0.0,0.0,0.0,25.0,0.0,0.0,0,-31516,26889,17712,0
22531951,0,0,1583.0,-391.0,-538.0,0.0,0.0,0.0,25.0,0.0,0.0,0,30349,25666,10676,0
22586477,0,0,1555.0,-397.0,-592.0,0.0,0.0,0.0,25.0,0.0,0.0,0,27493,25054,5169,0
22634481,0,0,1532.0,-399.0,-635.0,0.0,0.0,0.0,25.0,0.0,0.0,0,25148,24850,785,0
22692511,0,0,1496.0,-398.0,-698.0,0.0,0.0,0.0,25.0,0.0,0.0,0,21477,24952,-5640,0
22745535,0,0,1455.0,-390.0,-766.0,0.0,0.0,0.0,25.0,0.0,0.0,0,17296,25768,-12574,0
22798466,0,0,1417.0,-379.0,-827.0,0.0,0.0,0.0,25.0,0.0,0.0,0,13421,26889,-18794,0
22847477,0,0,1378.0,-367.0,-887.0,0.0,0.0,0.0,25.0,0.0,0.0,0,9444,28113,-24912,0
22900497,0,0,1338.0,-354.0,-945.0,0.0,0.0,0.0,25.0,0.0,0.0,0,5366,29439,-30827,0
22954483,0,0,1295.0,-342.0,-1006.0,0.0,0.0,0.0,25.0,0.0,0.0,0,981,30662,28489,0
23007527,0,0,1254.0,-333.0,-1060.0,0.0,0.0,0.0,25.0,0.0,0.0,0,-3200,31580,22983,0
23058466,0,0,1213.0,-328.0,-1112.0,0.0,0.0,0.0,25.0,0.0,0.0,0,-7381,32090,17680,0
23110479,0,0,1168.0,-326.0,-1166.0,0.0,0.0,0.0,25.0,0.0,0.0,0,-11970,32294,12174,0
23165499,0,0,1123.0,-326.0,-1219.0,0.0,0.0,0.0,25.0,0.0,0.0,0,-16558,32294,6769,0
23217477,0,0,1081.0,-328.0,-1266.0,0.0,0.0,0.0,25.0,0.0,0.0,0,-20841,32090,1976,0
23267480,0,0,1039.0,-330.0,-1311.0,0.0,0.0,0.0,25.0,0.0,0.0,0,-25124,31886,-2612,0
23324518,0,0,996.0,-330.0,-1355.0,0.0,0.0,0.0,25.0,0.0,0.0,0,-29509,31886,-7099,0
23371477,0,0,957.0,-330.0,-1394.0,0.0,0.0,0.0,25.0,0.0,0.0,0,32050,31886,-11076,0
23423620,0,0,914.0,-327.0,-1436.0,0.0,0.0,0.0,25.0,0.0,0.0,0,27666,32192,-15359,0
23478478,0,0,867.0,-323.0,-1479.0,0.0,0.0,0.0,25.0,0.0,0.0,0,22873,32600,-19744,0
23534225,0,0,819.0,-317.0,-1520.0,0.0,0.0,0.0,25.0,0.0,0.0,0,17978,-32325,-23924,0
23585560,0,0,775.0,-309.0,-1556.0,0.0,0.0,0.0,25.0,0.0,0.0,0,13492,-31509,-27595,0
23639524,0,0,728.0,-305.0,-1593.0,0.0,0.0,0.0,25.0,0.0,0.0,0,8699,-31101,-31368,0
23689474,0,0,688.0,-300.0,-1623.0,0.0,0.0,0.0,25.0,0.0,0.0,0,4620,-30591,31109,0
23744479,0,0,644.0,-295.0,-1654.0,0.0,0.0,0.0,25.0,0.0,0.0,0,133,-30081,27947,0
23793477,0,0,604.0,-291.0,-1680.0,0.0,0.0,0.0,25.0,0.0,0.0,0,-3946,-29673,25296,0
23846466,0,0,560.0,-287.0,-1707.0,0.0,0.0,0.0,25.0,0.0,0.0,0,-8432,-29265,22543,0
23901502,0,0,514.0,-285.0,-1735.0,0.0,0.0,0.0,25.0,0.0,0.0,0,-13123,-29061,19688,0
23953466,0,0,470.0,-282.0,-1758.0,0.0,0.0,0.0,25.0,0.0,0.0,0,-17610,-28755,17342,0
24003557,0,0,428.0,-280.0,-1780.0,0.0,0.0,0.0,25.0,0.0,0.0,0,-21893,-28552,15099,0
24057477,0,0,385.0,-278.0,-1800.0,0.0,0.0,0.0,25.0,0.0,0.0,0,-26277,-28348,13060,0
24106658,0,0,346.0,-275.0,-1817.0,0.0,0.0,0.0,25.0,0.0,0.0,0,-30254,-28042,11326,0
24163481,0,0,311.0,-273.0,-1832.0,0.0,0.0,0.0,25.0,0.0,0.0,0,31713,-27838,9796,0
24216500,0,0,272.0,-269.0,-1846.0,0.0,0.0,0.0,25.0,0.0,0.0,0,27736,-27430,8369,0
24268445,0,0,231.0,-265.0,-1860.0,0.0,0.0,0.0,25.0,0.0,0.0,0,23555,-27022,6941,0
24318480,0,0,189.0,-261.0,-1873.0,0.0,0.0,0.0,25.0,0.0,0.0,0,19272,-26614,5616,0
24374492,0,0,145.0,-256.0,-1884.0,0.0,0.0,0.0,25.0,0.0,0.0,0,14785,-26104,4494,0
24426493,0,0,105.0,-252.0,-1893.0,0.0,0.0,0.0,25.0,0.0,0.0,0,10707,-25696,3576,0
24479493,0,0,61.0,-247.0,-1901.0,0.0,0.0,0.0,25.0,0.0,0.0,0,6220,-25186,2760,0
24531591,0,0,22.0,-243.0,-1907.0,0.0,0.0,0.0,25.0,0.0,0.0,0,2243,-24779,2149,0
24579478,0,0,-13.0,-239.0,-1910.0,0.0,0.0,0.0,25.0,0.0,0.0,0,-1325,-24371,1843,0
24598477,0,0,-26.0,-238.0,-1911.0,0.0,0.0,0.0,25.0,0.0,0.0,0,-2651,-24269,1741,0
24702480,0,0,-29.0,-235.0,-1911.0,0.0,0.0,0.0,25.0,0.0,0.0,0,-2957,-23963,1741,0
24750498,0,0,-58.0,-235.0,-1913.0,0.0,0.0,0.0,25.0,0.0,0.0,0,-5914,-23963,1537,0
24805478,0,0,-86.0,-230.0,-1914.0,0.0,0.0,0.0,25.0,0.0,0.0,0,-8769,-23453,1435,0
24859557,0,0,-124.0,-229.0,-1913.0,0.0,0.0,0.0,25.0,0.0,0.0,0,-12644,-23351,1537,0
24913477,0,0,-154.0,-226.0,-1912.0,0.0,0.0,0.0,25.0,0.0,0.0,0,-15703,-23045,1639,0
24963487,0,0,-191.0,-222.0,-1908.0,0.0,0.0,0.0,25.0,0.0,0.0,0,-19476,-22637,2047,0
25016488,0,0,-227.0,-219.0,-1904.0,0.0,0.0,0.0,25.0,0.0,0.0,0,-23147,-22331,2455,0
25068590,0,0,-262.0,-214.0,-1898.0,0.0,0.0,0.0,25.0,0.0,0.0,0,-26716,-21821,3066,0
25122612,0,0,-296.0,-210.0,-1890.0,0.0,0.0,0.0,25.0,0.0,0.0,0,-30183,-21414,3882,0
25175497,0,0,-330.0,-205.0,-1881.0,0.0,0.0,0.0,25.0,0.0,0.0,0,31886,-20904,4800,0
25227477,0,0,-363.0,-201.0,-1871.0,0.0,0.0,0.0,25.0,0.0,0.0,0,28521,-20496,5820,0
25280477,0,0,-393.0,-197.0,-1861.0,0.0,0.0,0.0,25.0,0.0,0.0,0,25462,-20088,6839,0
25333521,0,0,-425.0,-192.0,-1848.0,0.0,0.0,0.0,25.0,0.0,0.0,0,22199,-19578,8165,0
25384197,0,0,-453.0,-188.0,-1835.0,0.0,0.0,0.0,25.0,0.0,0.0,0,19343,-19170,9491,0
25438477,0,0,-486.0,-183.0,-1819.0,0.0,0.0,0.0,25.0,0.0,0.0,0,15978,-18660,11122,0
25485610,0,0,-514.0,-180.0,-1802.0,0.0,0.0,0.0,25.0,0.0,0.0,0,13123,-18354,12856,0
25538710,0,0,-542.0,-172.0,-1777.0,0.0,0.0,0.0,25.0,0.0,0.0,0,10268,-17539,15405,0
25593483,0,0,-573.0,-168.0,-1765.0,0.0,0.0,0.0,25.0,0.0,0.0,0,7107,-17131,16629,0
25645312,0,0,-600.0,-162.0,-1747.0,0.0,0.0,0.0,25.0,0.0,0.0,0,4354,-16519,18464,0
25699483,0,0,-627.0,-160.0,-1725.0,0.0,0.0,0.0,25.0,0.0,0.0,0,1600,-16315,20707,0
25752556,0,0,-650.0,-155.0,-1704.0,0.0,0.0,0.0,25.0,0.0,0.0,0,-745,-15805,22849,0
25805496,0,0,-675.0,-148.0,-1682.0,0.0,0.0,0.0,25.0,0.0,0.0,0,-3294,-15091,25092,0
25857479,0,0,-700.0,-140.0,-1658.0,0.0,0.0,0.0,25.0,0.0,0.0,0,-5844,-14276,27540,0
25908333,0,0,-725.0,-131.0,-1631.0,0.0,0.0,0.0,25.0,0.0,0.0,0,-8393,-13358,30293,0
25959497,0,0,-748.0,-124.0,-1605.0,0.0,0.0,0.0,25.0,0.0,0.0,0,-10738,-12644,-32592,0
26012074,0,0,-770.0,-118.0,-1578.0,0.0,0.0,0.0,25.0,0.0,0.0,0,-12982,-12032,-29839,0
26066520,0,0,-790.0,-113.0,-1550.0,0.0,0.0,0.0,25.0,0.0,0.0,0,-15021,-11522,-26984,0
26119501,0,0,-812.0,-108.0,-1519.0,0.0,0.0,0.0,25.0,0.0,0.0,0,-17264,-11012,-23822,0
26173631,0,0,-833.0,-103.0,-1487.0,0.0,0.0,0.0,25.0,0.0,0.0,0,-19406,-10503,-20559,0
26224504,0,0,-851.0,-99.0,-1457.0,0.0,0.0,0.0,25.0,0.0,0.0,0,-21241,-10095,-17500,0
26277498,0,0,-870.0,-95.0,-1423.0,0.0,0.0,0.0,25.0,0.0,0.0,0,-23179,-9687,-14033,0
26330480,0,0,-887.0,-90.0,-1389.0,0.0,0.0,0.0,25.0,0.0,0.0,0,-24912,-9177,-10566,0
26382479,0,0,-903.0,-84.0,-1356.0,0.0,0.0,0.0,25.0,0.0,0.0,0,-26544,-8565,-7201,0
26436466,0,0,-919.0,-78.0,-1320.0,0.0,0.0,0.0,25.0,0.0,0.0,0,-28175,-7953,-3530,0
26486469,0,0,-932.0,-72.0,-1287.0,0.0,0.0,0.0,25.0,0.0,0.0,0,-29501,-7341,-165,0
26540469,0,0,-946.0,-65.0,-1250.0,0.0,0.0,0.0,25.0,0.0,0.0,0,-30929,-6628,3608,0
26589536,0,0,-956.0,-60.0,-1224.0,0.0,0.0,0.0,25.0,0.0,0.0,0,-31948,-6118,6259,0
26644359,0,0,-966.0,-54.0,-1192.0,0.0,0.0,0.0,25.0,0.0,0.0,0,32568,-5506,9522,0
26697968,0,0,-977.0,-47.0,-1156.0,0.0,0.0,0.0,25.0,0.0,0.0,0,31446,-4792,13193,0
26750497,0,0,-987.0,-41.0,-1120.0,0.0,0.0,0.0,25.0,0.0,0.0,0,30427,-4180,16864,0
26803893,0,0,-996.0,-34.0,-1081.0,0.0,0.0,0.0,25.0,0.0,0.0,0,29509,-3467,20841,0
26854503,0,0,-1004.0,-27.0,-1044.0,0.0,0.0,0.0,25.0,0.0,0.0,0,28693,-2753,24614,0
26903201,0,0,-1012.0,-21.0,-1007.0,0.0,0.0,0.0,25.0,0.0,0.0,0,27877,-2141,28387,0
26960516,0,0,-1019.0,-14.0,-969.0,0.0,0.0,0.0,25.0,0.0,0.0,0,27163,-1427,32262,0
27013524,0,0,-1041.0,-13.0,-976.0,0.0,0.0,0.0,25.0,0.0,0.0,0,24920,-1325,31548,0
27065478,0,0,-1104.0,-30.0,-1015.0,0.0,0.0,0.0,25.0,0.0,0.0,0,18496,-3059,27571,0
27111479,0,0,-1120.0,-61.0,-1039.0,0.0,0.0,0.0,25.0,0.0,0.0,0,16864,-6220,25124,0
27166094,0,0,-1115.0,-78.0,-1014.0,0.0,0.0,0.0,25.0,0.0,0.0,0,17374,-7953,27673,0
27221481,0,0,-1057.0,-97.0,-952.0,0.0,0.0,0.0,25.0,0.0,0.0,0,23288,-9891,-31540,0
27276466,0,0,-1021.0,-100.0,-843.0,0.0,0.0,0.0,25.0,0.0,0.0,0,26959,-10197,-20426,0
27328322,0,0,-1024.0,-107.0,-721.0,0.0,0.0,0.0,25.0,0.0,0.0,0,26654,-10910,-7985,0
27378475,0,0,-1023.0,-150.0,-647.0,0.0,0.0,0.0,25.0,0.0,0.0,0,26756,-15295,-439,0
27429295,0,0,-1018.0,-251.0,-597.0,0.0,0.0,0.0,25.0,0.0,0.0,0,27265,-25594,4659,0
27484484,0,0,-1008.0,-410.0,-546.0,0.0,0.0,0.0,25.0,0.0,0.0,0,28285,23728,9860,0
27536506,0,0,-994.0,-591.0,-490.0,0.0,0.0,0.0,25.0,0.0,0.0,0,29713,5271,15570,0
27588627,0,0,-978.0,-758.0,-437.0,0.0,0.0,0.0,25.0,0.0,0.0,0,31344,-11758,20975,0
27638530,0,0,-965.0,-878.0,-395.0,0.0,0.0,0.0,25.0,0.0,0.0,0,32670,-23995,25258,0
27694801,0,0,-951.0,-962.0,-355.0,0.0,0.0,0.0,25.0,0.0,0.0,0,-31439,-32560,29337,0
27748508,0,0,-942.0,-979.0,-325.0,0.0,0.0,0.0,25.0,0.0,0.0,0,-30521,31242,32396,0
27796482,0,0,-937.0,-950.0,-300.0,0.0,0.0,0.0,25.0,0.0,0.0,0,-30011,-31337,-30591,0
27853554,0,0,-933.0,-876.0,-273.0,0.0,0.0,0.0,25.0,0.0,0.0,0,-29603,-23791,-27838,0
27904485,0,0,-930.0,-787.0,-247.0,0.0,0.0,0.0,25.0,0.0,0.0,0,-29297,-14715,-25186,0
27955466,0,0,-927.0,-703.0,-220.0,0.0,0.0,0.0,25.0,0.0,0.0,0,-28991,-6150,-22433,0
28006524,0,0,-923.0,-636.0,-193.0,0.0,0.0,0.0,25.0,0.0,0.0,0,-28583,683,-19680,0
28059479,0,0,-918.0,-578.0,-159.0,0.0,0.0,0.0,25.0,0.0,0.0,0,-28073,6597,-16213,0
28113506,0,0,-909.0,-540.0,-116.0,0.0,0.0,0.0,25.0,0.0,0.0,0,-27156,10472,-11828,0
28167521,0,0,-897.0,-533.0,-70.0,0.0,0.0,0.0,25.0,0.0,0.0,0,-25932,11186,-7138,0
28217499,0,0,-884.0,-552.0,-26.0,0.0,0.0,0.0,25.0,0.0,0.0,0,-24606,9248,-2651,0
28270495,0,0,-869.0,-586.0,16.0,0.0,0.0,0.0,25.0,0.0,0.0,0,-23077,5781,1631,0
28324502,0,0,-853.0,-628.0,58.0,0.0,0.0,0.0,25.0,0.0,0.0,0,-21445,1498,5914,0
28377496,0,0,-834.0,-673.0,101.0,0.0,0.0,0.0,25.0,0.0,0.0,0,-19508,-3090,10299,0
28428504,0,0,-817.0,-706.0,138.0,0.0,0.0,0.0,25.0,0.0,0.0,0,-17774,-6455,14072,0
28482712,0,0,-799.0,-728.0,176.0,0.0,0.0,0.0,25.0,0.0,0.0,0,-15939,-8699,17947,0
28534199,0,0,-781.0,-734.0,210.0,0.0,0.0,0.0,25.0,0.0,0.0,0,-14103,-9311,21414,0
28583785,0,0,-764.0,-727.0,241.0,0.0,0.0,0.0,25.0,0.0,0.0,0,-12370,-8597,24575,0
28640477,0,0,-748.0,-711.0,271.0,0.0,0.0,0.0,25.0,0.0,0.0,0,-10738,-6965,27634,0
28691469,0,0,-732.0,-689.0,300.0,0.0,0.0,0.0,25.0,0.0,0.0,0,-9107,-4722,30591,0
28740499,0,0,-717.0,-668.0,328.0,0.0,0.0,0.0,25.0,0.0,0.0,0,-7577,-2581,-32090,0
28793505,0,0,-701.0,-648.0,355.0,0.0,0.0,0.0,25.0,0.0,0.0,0,-5946,-541,-29337,0
28846478,0,0,-687.0,-633.0,380.0,0.0,0.0,0.0,25.0,0.0,0.0,0,-4518,988,-26787,0
28902478,0,0,-672.0,-619.0,406.0,0.0,0.0,0.0,25.0,0.0,0.0,0,-2988,2416,-24136,0
28953563,0,0,-652.0,-615.0,437.0,0.0,0.0,0.0,25.0,0.0,0.0,0,-949,2824,-20975,0
29004526,0,0,-634.0,-613.0,465.0,0.0,0.0,0.0,25.0,0.0,0.0,0,886,3028,-18120,0
29059484,0,0,-616.0,-617.0,492.0,0.0,0.0,0.0,25.0,0.0,0.0,0,2722,2620,-15366,0
29109367,0,0,-595.0,-623.0,522.0,0.0,0.0,0.0,25.0,0.0,0.0,0,4863,2008,-12307,0
29164483,0,0,-573.0,-632.0,551.0,0.0,0.0,0.0,25.0,0.0,0.0,0,7107,1090,-9350,0
29217608,0,0,-551.0,-640.0,578.0,0.0,0.0,0.0,25.0,0.0,0.0,0,9350,275,-6597,0
29269540,0,0,-531.0,-646.0,602.0,0.0,0.0,0.0,25.0,0.0,0.0,0,11390,-337,-4150,0
29322507,0,0,-509.0,-649.0,627.0,0.0,0.0,0.0,25.0,0.0,0.0,0,13633,-643,-1600,0
29375477,0,0,-488.0,-650.0,649.0,0.0,0.0,0.0,25.0,0.0,0.0,0,15774,-745,643,0
29425482,0,0,-466.0,-648.0,672.0,0.0,0.0,0.0,25.0,0.0,0.0,0,18018,-541,2988,0
29477496,0,0,-445.0,-644.0,693.0,0.0,0.0,0.0,25.0,0.0,0.0,0,20159,-133,5130,0
29530501,0,0,-423.0,-637.0,714.0,0.0,0.0,0.0,25.0,0.0,0.0,0,22403,581,7271,0
29584532,0,0,-400.0,-630.0,735.0,0.0,0.0,0.0,25.0,0.0,0.0,0,24748,1294,9413,0
29636465,0,0,-379.0,-623.0,753.0,0.0,0.0,0.0,25.0,0.0,0.0,0,26889,2008,11248,0
29690622,0,0,-356.0,-617.0,773.0,0.0,0.0,0.0,25.0,0.0,0.0,0,29235,2620,13288,0
29741499,0,0,-335.0,-612.0,790.0,0.0,0.0,0.0,25.0,0.0,0.0,0,31376,3130,15021,0
29792466,0,0,-314.0,-608.0,807.0,0.0,0.0,0.0,25.0,0.0,0.0,0,-32019,3538,16755,0
29846477,0,0,-294.0,-606.0,822.0,0.0,0.0,0.0,25.0,0.0,0.0,0,-29979,3742,18284,0
29898684,0,0,-272.0,-604.0,838.0,0.0,0.0,0.0,25.0,0.0,0.0,0,-27736,3946,19916,0
29950479,0,0,-251.0,-603.0,853.0,0.0,0.0,0.0,25.0,0.0,0.0,0,-25594,4048,21445,0
30004476,0,0,-225.0,-603.0,869.0,0.0,0.0,0.0,25.0,0.0,0.0,0,-22943,4048,23077,0
30055478,0,0,-203.0,-603.0,883.0,0.0,0.0,0.0,25.0,0.0,0.0,0,-20700,4048,24504,0
30110478,0,0,-177.0,-603.0,897.0,0.0,0.0,0.0,25.0,0.0,0.0,0,-18048,4048,25932,0
30162480,0,0,-155.0,-602.0,909.0,0.0,0.0,0.0,25.0,0.0,0.0,0,-15805,4150,27156,0
30215469,0,0,-129.0,-600.0,921.0,0.0,0.0,0.0,25.0,0.0,0.0,0,-13154,4354,28379,0
30268479,0,0,-107.0,-598.0,931.0,0.0,0.0,0.0,25.0,0.0,0.0,0,-10910,4557,29399,0
30317638,0,0,-85.0,-596.0,940.0,0.0,0.0,0.0,25.0,0.0,0.0,0,-8667,4761,30317,0
30373481,0,0,-60.0,-592.0,949.0,0.0,0.0,0.0,25.0,0.0,0.0,0,-6118,5169,31235,0
30423486,0,0,-38.0,-588.0,957.0,0.0,0.0,0.0,25.0,0.0,0.0,0,-3874,5577,32050,0
30478496,0,0,-13.0,-584.0,964.0,0.0,0.0,0.0,25.0,0.0,0.0,0,-1325,5985,32764,0
30530478,0,0,9.0,-580.0,970.0,0.0,0.0,0.0,25.0,0.0,0.0,0,917,6393,-32160,0
30578484,0,0,30.0,-577.0,975.0,0.0,0.0,0.0,25.0,0.0,0.0,0,3059,6699,-31650,0
30634481,0,0,54.0,-573.0,980.0,0.0,0.0,0.0,25.0,0.0,0.0,0,5506,7107,-31140,0
30683494,0,0,73.0,-571.0,983.0,0.0,0.0,0.0,25.0,0.0,0.0,0,7443,7311,-30834,0
30739499,0,0,98.0,-568.0,986.0,0.0,0.0,0.0,25.0,0.0,0.0,0,9993,7617,-30528,0
30790641,0,0,118.0,-565.0,988.0,0.0,0.0,0.0,25.0,0.0,0.0,0,12032,7923,-30325,0
30841477,0,0,136.0,-563.0,989.0,0.0,0.0,0.0,25.0,0.0,0.0,0,13868,8126,-30223,0
30896478,0,0,154.0,-561.0,990.0,0.0,0.0,0.0,25.0,0.0,0.0,0,15703,8330,-30121,0
30950530,0,0,175.0,-557.0,989.0,0.0,0.0,0.0,25.0,0.0,0.0,0,17845,8738,-30223,0
31001483,0,0,197.0,-557.0,988.0,0.0,0.0,0.0,25.0,0.0,0.0,0,20088,8738,-30325,0
31054603,0,0,219.0,-554.0,986.0,0.0,0.0,0.0,25.0,0.0,0.0,0,22331,9044,-30528,0
31105479,0,0,240.0,-551.0,983.0,0.0,0.0,0.0,25.0,0.0,0.0,0,24473,9350,-30834,0
31160477,0,0,261.0,-547.0,979.0,0.0,0.0,0.0,25.0,0.0,0.0,0,26614,9758,-31242,0
31212479,0,0,281.0,-544.0,974.0,0.0,0.0,0.0,25.0,0.0,0.0,0,28654,10064,-31752,0
31263561,0,0,300.0,-541.0,968.0,0.0,0.0,0.0,25.0,0.0,0.0,0,30591,10370,-32364,0
31317482,0,0,320.0,-537.0,961.0,0.0,0.0,0.0,25.0,0.0,0.0,0,32630,10778,32458,0
31367482,0,0,337.0,-533.0,955.0,0.0,0.0,0.0,25.0,0.0,0.0,0,-31172,11186,31846,0
31421466,0,0,352.0,-530.0,948.0,0.0,0.0,0.0,25.0,0.0,0.0,0,-29642,11492,31133,0
31474483,0,0,364.0,-528.0,943.0,0.0,0.0,0.0,25.0,0.0,0.0,0,-28419,11695,30623,0
31527555,0,0,381.0,-525.0,933.0,0.0,0.0,0.0,25.0,0.0,0.0,0,-26685,12001,29603,0
31577505,0,0,398.0,-522.0,924.0,0.0,0.0,0.0,25.0,0.0,0.0,0,-24952,12307,28685,0
31632477,0,0,415.0,-518.0,912.0,0.0,0.0,0.0,25.0,0.0,0.0,0,-23218,12715,27462,0
31682478,0,0,430.0,-515.0,902.0,0.0,0.0,0.0,25.0,0.0,0.0,0,-21689,13021,26442,0
31734501,0,0,445.0,-512.0,890.0,0.0,0.0,0.0,25.0,0.0,0.0,0,-20159,13327,25218,0
31789491,0,0,461.0,-508.0,876.0,0.0,0.0,0.0,25.0,0.0,0.0,0,-18528,13735,23791,0
31842477,0,0,475.0,-505.0,863.0,0.0,0.0,0.0,25.0,0.0,0.0,0,-17100,14041,22465,0
31893474,0,0,489.0,-502.0,849.0,0.0,0.0,0.0,25.0,0.0,0.0,0,-15672,14347,21037,0
31943492,0,0,502.0,-498.0,835.0,0.0,0.0,0.0,25.0,0.0,0.0,0,-14347,14755,19610,0
31997494,0,0,514.0,-495.0,821.0,0.0,0.0,0.0,25.0,0.0,0.0,0,-13123,15061,18182,0
32051483,0,0,526.0,-489.0,804.0,0.0,0.0,0.0,25.0,0.0,0.0,0,-11899,15672,16449,0
32105493,0,0,538.0,-488.0,787.0,0.0,0.0,0.0,25.0,0.0,0.0,0,-10676,15774,14715,0
32158479,0,0,547.0,-485.0,773.0,0.0,0.0,0.0,25.0,0.0,0.0,0,-9758,16080,13288,0
32205479,0,0,555.0,-482.0,760.0,0.0,0.0,0.0,25.0,0.0,0.0,0,-8942,16386,11962,0
32260500,0,0,566.0,-478.0,741.0,0.0,0.0,0.0,25.0,0.0,0.0,0,-7821,16794,10024,0
32312477,0,0,575.0,-472.0,723.0,0.0,0.0,0.0,25.0,0.0,0.0,0,-6903,17406,8189,0
32366482,0,0,584.0,-471.0,704.0,0.0,0.0,0.0,25.0,0.0,0.0,0,-5985,17508,6252,0
32419484,0,0,592.0,-467.0,685.0,0.0,0.0,0.0,25.0,0.0,0.0,0,-5169,17916,4314,0
32472480,0,0,599.0,-464.0,665.0,0.0,0.0,0.0,25.0,0.0,0.0,0,-4455,18222,2275,0
32519477,0,0,606.0,-460.0,647.0,0.0,0.0,0.0,25.0,0.0,0.0,0,-3742,18630,439,0
32577478,0,0,612.0,-457.0,627.0,0.0,0.0,0.0,25.0,0.0,0.0,0,-3130,18935,-1600,0
32630585,0,0,619.0,-453.0,604.0,0.0,0.0,0.0,25.0,0.0,0.0,0,-2416,19343,-3946,0
32677536,0,0,623.0,-450.0,587.0,0.0,0.0,0.0,25.0,0.0,0.0,0,-2008,19649,-5679,0
32731495,0,0,628.0,-446.0,565.0,0.0,0.0,0.0,25.0,0.0,0.0,0,-1498,20057,-7923,0
32786494,0,0,632.0,-442.0,544.0,0.0,0.0,0.0,25.0,0.0,0.0,0,-1090,20465,-10064,0
32840480,0,0,635.0,-439.0,522.0,0.0,0.0,0.0,25.0,0.0,0.0,0,-785,20771,-12307,0
32892477,0,0,638.0,-435.0,500.0,0.0,0.0,0.0,25.0,0.0,0.0,0,-479,21179,-14551,0
32942487,0,0,641.0,-432.0,479.0,0.0,0.0,0.0,25.0,0.0,0.0,0,-173,21485,-16692,0
32996567,0,0,642.0,-428.0,459.0,0.0,0.0,0.0,25.0,0.0,0.0,0,-71,21893,-18732,0
33048475,0,0,644.0,-425.0,436.0,0.0,0.0,0.0,25.0,0.0,0.0,0,133,22199,-21077,0
33099477,0,0,645.0,-421.0,413.0,0.0,0.0,0.0,25.0,0.0,0.0,0,235,22606,-23422,0
33154504,0,0,645.0,-417.0,390.0,0.0,0.0,0.0,25.0,0.0,0.0,0,235,23014,-25768,0
33206471,0,0,644.0,-413.0,365.0,0.0,0.0,0.0,25.0,0.0,0.0,0,133,23422,-28317,0
33257481,0,0,644.0,-409.0,342.0,0.0,0.0,0.0,25.0,0.0,0.0,0,133,23830,-30662,0
33309618,0,0,642.0,-405.0,318.0,0.0,0.0,0.0,25.0,0.0,0.0,0,-71,24238,32426,0
33364675,0,0,640.0,-401.0,293.0,0.0,0.0,0.0,25.0,0.0,0.0,0,-275,24646,29877,0
33414477,0,0,637.0,-397.0,270.0,0.0,0.0,0.0,25.0,0.0,0.0,0,-581,25054,27532,0
33464475,0,0,634.0,-393.0,246.0,0.0,0.0,0.0,25.0,0.0,0.0,0,-886,25462,25085,0
33519476,0,0,630.0,-389.0,221.0,0.0,0.0,0.0,25.0,0.0,0.0,0,-1294,25870,22535,0
33574481,0,0,626.0,-385.0,196.0,0.0,0.0,0.0,25.0,0.0,0.0,0,-1702,26277,19986,0
33626537,0,0,621.0,-381.0,172.0,0.0,0.0,0.0,25.0,0.0,0.0,0,-2212,26685,17539,0
33678484,0,0,616.0,-377.0,149.0,0.0,0.0,0.0,25.0,0.0,0.0,0,-2722,27093,15193,0
33733508,0,0,610.0,-373.0,124.0,0.0,0.0,0.0,25.0,0.0,0.0,0,-3334,27501,12644,0
33780464,0,0,604.0,-369.0,101.0,0.0,0.0,0.0,25.0,0.0,0.0,0,-3946,27909,10299,0
33835476,0,0,597.0,-365.0,77.0,0.0,0.0,0.0,25.0,0.0,0.0,0,-4659,28317,7851,0
33890476,0,0,590.0,-360.0,52.0,0.0,0.0,0.0,25.0,0.0,0.0,0,-5373,28827,5302,0
33941498,0,0,582.0,-356.0,30.0,0.0,0.0,0.0,25.0,0.0,0.0,0,-6189,29235,3059,0
33994482,0,0,574.0,-352.0,6.0,0.0,0.0,0.0,25.0,0.0,0.0,0,-7005,29642,611,0
34045496,0,0,566.0,-348.0,-15.0,0.0,0.0,0.0,25.0,0.0,0.0,0,-7821,30050,-1529,0
34096506,0,0,557.0,-344.0,-37.0,0.0,0.0,0.0,25.0,0.0,0.0,0,-8738,30458,-3772,0
34153479,0,0,547.0,-340.0,-60.0,0.0,0.0,0.0,25.0,0.0,0.0,0,-9758,30866,-6118,0
34203540,0,0,538.0,-336.0,-81.0,0.0,0.0,0.0,25.0,0.0,0.0,0,-10676,31274,-8259,0
34257482,0,0,528.0,-332.0,-102.0,0.0,0.0,0.0,25.0,0.0,0.0,0,-11695,31682,-10401,0
34307575,0,0,519.0,-328.0,-121.0,0.0,0.0,0.0,25.0,0.0,0.0,0,-12613,32090,-12338,0
34361477,0,0,509.0,-324.0,-141.0,0.0,0.0,0.0,25.0,0.0,0.0,0,-13633,32498,-14377,0
34413482,0,0,501.0,-321.0,-156.0,0.0,0.0,0.0,25.0,0.0,0.0,0,-14449,-32732,-15907,0
34465466,0,0,491.0,-317.0,-175.0,0.0,0.0,0.0,25.0,0.0,0.0,0,-15468,-32325,-17845,0
34517209,0,0,482.0,-314.0,-191.0,0.0,0.0,0.0,25.0,0.0,0.0,0,-16386,-32019,-19476,0
34569476,0,0,471.0,-310.0,-208.0,0.0,0.0,0.0,25.0,0.0,0.0,0,-17508,-31611,-21210,0
34622502,0,0,459.0,-306.0,-228.0,0.0,0.0,0.0,25.0,0.0,0.0,0,-18732,-31203,-23249,0
34676483,0,0,420.0,-298.0,-254.0,0.0,0.0,0.0,25.0,0.0,0.0,0,-22708,-30387,-25900,0
34730479,0,0,345.0,-317.0,-361.0,0.0,0.0,0.0,25.0,0.0,0.0,0,-30356,-32325,28725,0
34780477,0,0,190.0,-368.0,-518.0,0.0,0.0,0.0,25.0,0.0,0.0,0,19374,28011,12715,0
34833516,0,0,170.0,-444.0,-629.0,0.0,0.0,0.0,25.0,0.0,0.0,0,17335,20261,1396,0
34885493,0,0,170.0,-496.0,-634.0,0.0,0.0,0.0,25.0,0.0,0.0,0,17335,14959,886,0
34937595,0,0,169.0,-526.0,-612.0,0.0,0.0,0.0,25.0,0.0,0.0,0,17233,11899,3130,0
34992552,0,0,161.0,-576.0,-598.0,0.0,0.0,0.0,25.0,0.0,0.0,0,16417,6801,4557,0
35045616,0,0,151.0,-682.0,-612.0,0.0,0.0,0.0,25.0,0.0,0.0,0,15397,-4008,3130,0
35097535,0,0,142.0,-873.0,-636.0,0.0,0.0,0.0,25.0,0.0,0.0,0,14479,-23485,683,0
35147799,0,0,137.0,-1132.0,-664.0,0.0,0.0,0.0,25.0,0.0,0.0,0,13970,15641,-2173,0
35198496,0,0,138.0,-1462.0,-700.0,0.0,0.0,0.0,25.0,0.0,0.0,0,14072,-18010,-5844,0
35255469,0,0,148.0,-1911.0,-759.0,0.0,0.0,0.0,25.0,0.0,0.0,0,15091,1741,-11860,0
35307649,0,0,165.0,-2324.0,-823.0,0.0,0.0,0.0,25.0,0.0,0.0,0,16825,25162,-18386,0
35356485,0,0,186.0,-2702.0,-890.0,0.0,0.0,0.0,25.0,0.0,0.0,0,18966,-13383,-25218,0
35409908,0,0,215.0,-3124.0,-980.0,0.0,0.0,0.0,25.0,0.0,0.0,0,21923,9121,31140,0
35465735,0,0,243.0,-3477.0,-1069.0,0.0,0.0,0.0,25.0,0.0,0.0,0,24779,-26875,22065,0
35513527,0,0,270.0,-3788.0,-1165.0,0.0,0.0,0.0,25.0,0.0,0.0,0,27532,6948,12276,0
35570356,0,0,299.0,-4101.0,-1282.0,0.0,0.0,0.0,25.0,0.0,0.0,0,30489,-24969,345,0
35622492,0,0,321.0,-4335.0,-1388.0,0.0,0.0,0.0,25.0,0.0,0.0,0,32732,16706,-10464,0
35673678,0,0,342.0,-4549.0,-1499.0,0.0,0.0,0.0,25.0,0.0,0.0,0,-30662,-5116,-21783,0
35728481,0,0,366.0,-4775.0,-1626.0,0.0,0.0,0.0,25.0,0.0,0.0,0,-28215,-28162,30803,0
35779485,0,0,391.0,-4987.0,-1749.0,0.0,0.0,0.0,25.0,0.0,0.0,0,-25666,15756,18260,0
35829479,0,0,461.0,-5212.0,-1868.0,0.0,0.0,0.0,25.0,0.0,0.0,0,-18528,-7188,6126,0
35883561,0,0,572.0,-5467.0,-1970.0,0.0,0.0,0.0,25.0,0.0,0.0,0,-7209,32346,-4276,0
35936478,0,0,718.0,-5735.0,-2039.0,0.0,0.0,0.0,25.0,0.0,0.0,0,7679,5017,-11312,0
35990495,0,0,791.0,-6013.0,-2100.0,0.0,0.0,0.0,25.0,0.0,0.0,0,15123,-23331,-17532,0
36043480,0,0,913.0,-6286.0,-2101.0,0.0,0.0,0.0,25.0,0.0,0.0,0,27564,14367,-17634,0
36092222,0,0,1003.0,-6544.0,-2105.0,0.0,0.0,0.0,25.0,0.0,0.0,0,-28795,-11942,-18042,0
36143498,0,0,1110.0,-6800.0,-2128.0,0.0,0.0,0.0,25.0,0.0,0.0,0,-17884,27489,-20387,0
36196529,0,0,1225.0,-7040.0,-2160.0,0.0,0.0,0.0,25.0,0.0,0.0,0,-6157,3016,-23650,0
36252516,0,0,1316.0,-7201.0,-2196.0,0.0,0.0,0.0,25.0,0.0,0.0,0,3122,-13401,-27321,0
36303530,0,0,1375.0,-7269.0,-2228.0,0.0,0.0,0.0,25.0,0.0,0.0,0,9138,-20335,-30584,0
36358466,0,0,1449.0,-7321.0,-2281.0,0.0,0.0,0.0,25.0,0.0,0.0,0,16684,-25638,29547,0
36408524,0,0,1496.0,-7312.0,-2330.0,0.0,0.0,0.0,25.0,0.0,0.0,0,21477,-24720,24551,0
36462477,0,0,1537.0,-7251.0,-2392.0,0.0,0.0,0.0,25.0,0.0,0.0,0,25658,-18500,18228,0
36515478,0,0,1566.0,-7154.0,-2455.0,0.0,0.0,0.0,25.0,0.0,0.0,0,28615,-8608,11804,0
36561550,0,0,1584.0,-7062.0,-2507.0,0.0,0.0,0.0,25.0,0.0,0.0,0,30451,773,6502,0
36617479,0,0,1598.0,-6984.0,-2551.0,0.0,0.0,0.0,25.0,0.0,0.0,0,31878,8727,2015,0
36673495,0,0,1617.0,-6903.0,-2602.0,0.0,0.0,0.0,25.0,0.0,0.0,0,-31720,16986,-3186,0
36722496,0,0,1635.0,-6857.0,-2641.0,0.0,0.0,0.0,25.0,0.0,0.0,0,-29885,21677,-7163,0
36777478,0,0,1664.0,-6828.0,-2691.0,0.0,0.0,0.0,25.0,0.0,0.0,0,-26928,24634,-12261,0
36827478,0,0,1694.0,-6832.0,-2731.0,0.0,0.0,0.0,25.0,0.0,0.0,0,-23869,24226,-16340,0
36881503,0,0,1736.0,-6864.0,-2780.0,0.0,0.0,0.0,25.0,0.0,0.0,0,-19586,20963,-21337,0
36932477,0,0,1779.0,-6912.0,-2827.0,0.0,0.0,0.0,25.0,0.0,0.0,0,-15201,16069,-26129,0
36985466,0,0,1640.0,-6984.0,-2890.0,0.0,0.0,0.0,25.0,0.0,0.0,0,-29375,8727,-32553,0
37034497,0,0,1329.0,-7062.0,-3003.0,0.0,0.0,0.0,25.0,0.0,0.0,0,4448,773,21460,0
37093875,0,0,1015.0,-7118.0,-3182.0,0.0,0.0,0.0,25.0,0.0,0.0,0,-27571,-4938,3207,0
37141494,0,0,734.0,-7138.0,-3341.0,0.0,0.0,0.0,25.0,0.0,0.0,0,9311,-6977,-13007,0
37196480,0,0,378.0,-7127.0,-3496.0,0.0,0.0,0.0,25.0,0.0,0.0,0,-26991,-5855,-28812,0
37245500,0,0,70.0,-7092.0,-3629.0,0.0,0.0,0.0,25.0,0.0,0.0,0,7138,-2286,23161,0
37302487,0,0,-303.0,-7027.0,-3764.0,0.0,0.0,0.0,25.0,0.0,0.0,0,-30897,4342,9395,0
37355496,0,0,-651.0,-6956.0,-3879.0,0.0,0.0,0.0,25.0,0.0,0.0,0,-847,11582,-2331,0
37407482,0,0,-854.0,-6873.0,-3957.0,0.0,0.0,0.0,25.0,0.0,0.0,0,-21547,20046,-10285,0
37460480,0,0,-1014.0,-6781.0,-4009.0,0.0,0.0,0.0,25.0,0.0,0.0,0,27673,29427,-15588,0
37509524,0,0,-1102.0,-6713.0,-4018.0,0.0,0.0,0.0,25.0,0.0,0.0,0,18700,-29175,-16505,0
37563508,0,0,-1134.0,-6674.0,-4000.0,0.0,0.0,0.0,25.0,0.0,0.0,0,15437,-25198,-14670,0
37618476,0,0,-1124.0,-6663.0,-3968.0,0.0,0.0,0.0,25.0,0.0,0.0,0,16456,-24076,-11407,0
37669501,0,0,-1099.0,-6670.0,-3941.0,0.0,0.0,0.0,25.0,0.0,0.0,0,19006,-24790,-8654,0
37717556,0,0,-1047.0,-6694.0,-3899.0,0.0,0.0,0.0,25.0,0.0,0.0,0,24308,-27238,-4371,0
37774513,0,0,-964.0,-6735.0,-3846.0,0.0,0.0,0.0,25.0,0.0,0.0,0,-32764,-31418,1034,0
37828478,0,0,-883.0,-6774.0,-3800.0,0.0,0.0,0.0,25.0,0.0,0.0,0,-24504,30141,5724,0
37876480,0,0,-789.0,-6814.0,-3750.0,0.0,0.0,0.0,25.0,0.0,0.0,0,-14919,26062,10823,0
37933481,0,0,-686.0,-6847.0,-3698.0,0.0,0.0,0.0,25.0,0.0,0.0,0,-4416,22697,16125,0
37985092,0,0,-584.0,-6865.0,-3648.0,0.0,0.0,0.0,25.0,0.0,0.0,0,5985,20861,21224,0
38037477,0,0,-495.0,-6866.0,-3604.0,0.0,0.0,0.0,25.0,0.0,0.0,0,15061,20759,25711,0
38090480,0,0,-405.0,-6852.0,-3561.0,0.0,0.0,0.0,25.0,0.0,0.0,0,24238,22187,30096,0
38140480,0,0,-328.0,-6828.0,-3524.0,0.0,0.0,0.0,25.0,0.0,0.0,0,32090,24634,-31667,0
38194564,0,0,-250.0,-6794.0,-3488.0,0.0,0.0,0.0,25.0,0.0,0.0,0,-25492,28101,-27997,0
38247466,0,0,-176.0,-6757.0,-3456.0,0.0,0.0,0.0,25.0,0.0,0.0,0,-17947,31874,-24733,0
38298471,0,0,-111.0,-6723.0,-3430.0,0.0,0.0,0.0,25.0,0.0,0.0,0,-11318,-30195,-22082,0
38349581,0,0,-43.0,-6690.0,-3405.0,0.0,0.0,0.0,25.0,0.0,0.0,0,-4384,-26830,-19533,0
38403627,0,0,23.0,-6665.0,-3383.0,0.0,0.0,0.0,25.0,0.0,0.0,0,2345,-24280,-17290,0
38454764,0,0,91.0,-6647.0,-3365.0,0.0,0.0,0.0,25.0,0.0,0.0,0,9279,-22445,-15454,0
38507528,0,0,137.0,-6639.0,-3354.0,0.0,0.0,0.0,25.0,0.0,0.0,0,13970,-21629,-14332,0
38557687,0,0,184.0,-6634.0,-3345.0,0.0,0.0,0.0,25.0,0.0,0.0,0,18762,-21119,-13415,0
38611832,0,0,240.0,-6630.0,-3335.0,0.0,0.0,0.0,25.0,0.0,0.0,0,24473,-20711,-12395,0
38667555,0,0,307.0,-6629.0,-3326.0,0.0,0.0,0.0,25.0,0.0,0.0,0,31305,-20609,-11477,0
38716135,0,0,362.0,-6628.0,-3320.0,0.0,0.0,0.0,25.0,0.0,0.0,0,-28623,-20507,-10865,0
38769498,0,0,420.0,-6624.0,-3316.0,0.0,0.0,0.0,25.0,0.0,0.0,0,-22708,-20100,-10457,0
38825507,0,0,480.0,-6617.0,-3314.0,0.0,0.0,0.0,25.0,0.0,0.0,0,-16590,-19386,-10253,0
38878518,0,0,534.0,-6606.0,-3314.0,0.0,0.0,0.0,25.0,0.0,0.0,0,-11084,-18264,-10253,0
38930466,0,0,580.0,-6592.0,-3316.0,0.0,0.0,0.0,25.0,0.0,0.0,0,-6393,-16836,-10457,0
38978478,0,0,627.0,-6573.0,-3319.0,0.0,0.0,0.0,25.0,0.0,0.0,0,-1600,-14899,-10763,0
39035469,0,0,676.0,-6547.0,-3325.0,0.0,0.0,0.0,25.0,0.0,0.0,0,3396,-12248,-11375,0
39087466,0,0,718.0,-6522.0,-3333.0,0.0,0.0,0.0,25.0,0.0,0.0,0,7679,-9698,-12191,0
39138288,0,0,758.0,-6494.0,-3342.0,0.0,0.0,0.0,25.0,0.0,0.0,0,11758,-6843,-13109,0
39188480,0,0,757.0,-6469.0,-3323.0,0.0,0.0,0.0,25.0,0.0,0.0,0,11656,-4294,-11171,0
39238967,0,0,932.0,-6442.0,2464.0,0.0,0.0,0.0,25.0,0.0,0.0,0,29501,-1541,-10886,0
39295478,0,0,1589.0,-6414.0,9363.0,0.0,0.0,0.0,25.0,0.0,0.0,0,30960,1315,-28280,0
39347478,0,0,2166.0,-6382.0,12459.0,0.0,0.0,0.0,25.0,0.0,0.0,0,24262,4578,25280,0
39402480,0,0,2341.0,-6345.0,11532.0,0.0,0.0,0.0,25.0,0.0,0.0,0,-23429,8351,-3712,0
39453472,0,0,2473.0,-6305.0,10320.0,0.0,0.0,0.0,25.0,0.0,0.0,0,-9969,12429,3771,0
39505528,0,0,2682.0,-6264.0,10016.0,0.0,0.0,0.0,25.0,0.0,0.0,0,11343,16610,-27229,0
39559508,0,0,2947.0,-6217.0,10146.0,0.0,0.0,0.0,25.0,0.0,0.0,0,-27170,21403,-13972,0
39610493,0,0,3182.0,-6172.0,10209.0,0.0,0.0,0.0,25.0,0.0,0.0,0,-3207,25992,-7548,0
39665469,0,0,3402.0,-6123.0,10172.0,0.0,0.0,0.0,25.0,0.0,0.0,0,19227,30988,-11321,0
39712565,0,0,3561.0,-6084.0,10129.0,0.0,0.0,0.0,25.0,0.0,0.0,0,-30096,-30571,-15706,0
39769484,0,0,3751.0,-6033.0,10091.0,0.0,0.0,0.0,25.0,0.0,0.0,0,-10721,-25370,-19581,0
39823527,0,0,3953.0,-5974.0,10065.0,0.0,0.0,0.0,25.0,0.0,0.0,0,9877,-19354,-22232,0
39874501,0,0,4148.0,-5912.0,10044.0,0.0,0.0,0.0,25.0,0.0,0.0,0,29762,-13032,-24374,0
39926182,0,0,4350.0,-5841.0,10021.0,0.0,0.0,0.0,25.0,0.0,0.0,0,-15176,-5792,-26719,0
39980477,0,0,4545.0,-5767.0,10001.0,0.0,0.0,0.0,25.0,0.0,0.0,0,4709,1754,-28758,0
40031642,0,0,4731.0,-5691.0,9984.0,0.0,0.0,0.0,25.0,0.0,0.0,0,23675,9504,-30492,0
40080554,0,0,4896.0,-5619.0,9972.0,0.0,0.0,0.0,25.0,0.0,0.0,0,-25035,16846,-31715,0
40137479,0,0,5023.0,-5547.0,9654.0,0.0,0.0,0.0,25.0,0.0,0.0,0,-12085,24188,1394,0
40183500,0,0,4916.0,-5493.0,7075.0,0.0,0.0,0.0,25.0,0.0,0.0,0,-22996,29694,553,0
40243466,0,0,4674.0,-5410.0,501.0,0.0,0.0,0.0,25.0,0.0,0.0,0,17863,-27378,-14449,0
40292504,0,0,4620.0,-5343.0,-2861.0,0.0,0.0,0.0,25.0,0.0,0.0,0,12356,-20546,-29596,0
40346495,0,0,4588.0,-5274.0,-4915.0,0.0,0.0,0.0,25.0,0.0,0.0,0,9093,-13510,23098,0
40399535,0,0,4559.0,-5213.0,-5174.0,0.0,0.0,0.0,25.0,0.0,0.0,0,6136,-7290,-3313,0
40452962,0,0,4524.0,-5144.0,-4923.0,0.0,0.0,0.0,25.0,0.0,0.0,0,2567,-254,22282,0
40503540,0,0,4492.0,-5085.0,-4722.0,0.0,0.0,0.0,25.0,0.0,0.0,0,-696,5763,-22757,0
40558477,0,0,4473.0,-5021.0,-3458.0,0.0,0.0,0.0,25.0,0.0,0.0,0,-2633,12289,-24937,0
40609480,0,0,4466.0,-4958.0,-2476.0,0.0,0.0,0.0,25.0,0.0,0.0,0,-3347,18713,9663,0
40661499,0,0,4536.0,-4895.0,-18.0,0.0,0.0,0.0,25.0,0.0,0.0,0,3791,25137,-1835,0
40712478,0,0,4592.0,-4837.0,901.0,0.0,0.0,0.0,25.0,0.0,0.0,0,9501,31052,26340,0
40767478,0,0,4605.0,-4779.0,386.0,0.0,0.0,0.0,25.0,0.0,0.0,0,10827,-28570,-26175,0
40820479,0,0,4564.0,-4717.0,-1454.0,0.0,0.0,0.0,25.0,0.0,0.0,0,6646,-22248,-17194,0
40870493,0,0,4493.0,-4661.0,-6756.0,0.0,0.0,0.0,25.0,0.0,0.0,0,-594,-16537,31976,0
40921466,0,0,4430.0,-4607.0,-9923.0,0.0,0.0,0.0,25.0,0.0,0.0,0,-7018,-11031,-28824,0
40976496,0,0,4340.0,-4565.0,-9757.0,0.0,0.0,0.0,25.0,0.0,0.0,0,-16196,-6748,-11897,0
41029506,0,0,4238.0,-4520.0,-9008.0,0.0,0.0,0.0,25.0,0.0,0.0,0,-26597,-2159,-1056,0
41083496,0,0,4136.0,-4471.0,-8969.0,0.0,0.0,0.0,25.0,0.0,0.0,0,28538,2837,2921,0
41132478,0,0,3957.0,-4443.0,-9061.0,0.0,0.0,0.0,25.0,0.0,0.0,0,10285,5693,-6460,0
41187495,0,0,3402.0,-4421.0,-8813.0,0.0,0.0,0.0,25.0,0.0,0.0,0,19227,7936,18829,0
41239470,0,0,3058.0,-4375.0,-8371.0,0.0,0.0,0.0,25.0,0.0,0.0,0,-15851,12627,-1636,0
41293478,0,0,3066.0,-4326.0,-8152.0,0.0,0.0,0.0,25.0,0.0,0.0,0,-15036,17623,20696,0
41341499,0,0,3022.0,-4285.0,-8018.0,0.0,0.0,0.0,25.0,0.0,0.0,0,-19522,21804,-31176,0
41396480,0,0,2926.0,-4126.0,-7851.0,0.0,0.0,0.0,25.0,0.0,0.0,0,-29312,-27518,-14147,0
41450605,0,0,2784.0,-3796.0,-7761.0,0.0,0.0,0.0,25.0,0.0,0.0,0,21745,6132,-4969,0
41502575,0,0,2592.0,-3271.0,-7760.0,0.0,0.0,0.0,25.0,0.0,0.0,0,2166,-5869,-4867,0
41554477,0,0,2366.0,-2591.0,-7830.0,0.0,0.0,0.0,25.0,0.0,0.0,0,-20880,-2064,-12005,0
41606999,0,0,2127.0,-1828.0,-7943.0,0.0,0.0,0.0,25.0,0.0,0.0,0,20285,10204,-23528,0
41658487,0,0,1913.0,-1123.0,-8061.0,0.0,0.0,0.0,25.0,0.0,0.0,0,-1537,16558,29975,0
41712573,0,0,2145.0,-408.0,-8249.0,0.0,0.0,0.0,25.0,0.0,0.0,0,22121,23932,10805,0
41764484,0,0,2305.0,176.0,-8655.0,0.0,0.0,0.0,25.0,0.0,0.0,0,-27100,17947,-30596,0
41816494,0,0,2139.0,635.0,-9217.0,0.0,0.0,0.0,25.0,0.0,0.0,0,21509,-785,-22368,0
41869483,0,0,1956.0,1024.0,-9379.0,0.0,0.0,0.0,25.0,0.0,0.0,0,2848,-26654,26649,0
41920496,0,0,1781.0,1410.0,-9466.0,0.0,0.0,0.0,25.0,0.0,0.0,0,-14997,12707,17777,0
41974793,0,0,1604.0,1759.0,-9524.0,0.0,0.0,0.0,25.0,0.0,0.0,0,32490,-17240,11863,0
42024498,0,0,1458.0,1942.0,-9580.0,0.0,0.0,0.0,25.0,0.0,0.0,0,17602,1420,6152,0
42078501,0,0,1301.0,1976.0,-9634.0,0.0,0.0,0.0,25.0,0.0,0.0,0,1593,4887,646,0
42132553,0,0,1145.0,1854.0,-9670.0,0.0,0.0,0.0,25.0,0.0,0.0,0,-14315,-7553,-3025,0
42184482,0,0,1002.0,1650.0,-9691.0,0.0,0.0,0.0,25.0,0.0,0.0,0,-28897,-28355,-5166,0
42236477,0,0,849.0,1403.0,-9702.0,0.0,0.0,0.0,25.0,0.0,0.0,0,21037,11994,-6288,0
42288476,0,0,697.0,1199.0,-9705.0,0.0,0.0,0.0,25.0,0.0,0.0,0,5538,-8809,-6594,0
42343482,0,0,578.0,1105.0,-9702.0,0.0,0.0,0.0,25.0,0.0,0.0,0,-6597,-18394,-6288,0
42391478,0,0,469.0,1075.0,-9699.0,0.0,0.0,0.0,25.0,0.0,0.0,0,-17712,-21453,-5982,0
42444479,0,0,322.0,1111.0,-9695.0,0.0,0.0,0.0,25.0,0.0,0.0,0,-32702,-17782,-5574,0
42500533,0,0,161.0,1221.0,-9689.0,0.0,0.0,0.0,25.0,0.0,0.0,0,16417,-6565,-4963,0
42549478,0,0,13.0,1348.0,-9681.0,0.0,0.0,0.0,25.0,0.0,0.0,0,1325,6385,-4147,0
42603533,0,0,-143.0,1470.0,-9666.0,0.0,0.0,0.0,25.0,0.0,0.0,0,-14581,18826,-2617,0
42658466,0,0,-309.0,1546.0,-9641.0,0.0,0.0,0.0,25.0,0.0,0.0,0,-31509,26576,-68,0
42708535,0,0,-448.0,1554.0,-9610.0,0.0,0.0,0.0,25.0,0.0,0.0,0,19853,27391,3093,0
42762480,0,0,-597.0,1510.0,-9568.0,0.0,0.0,0.0,25.0,0.0,0.0,0,4659,22905,7376,0
42815499,0,0,-743.0,1432.0,-9516.0,0.0,0.0,0.0,25.0,0.0,0.0,0,-10228,14951,12679,0
42867466,0,0,-3984.0,-323.0,-30119.0,0.0,0.0,0.0,25.0,0.0,0.0,0,-13038,32600,8909,0
42920479,0,0,30127.0,-15281.0,-4481.0,0.0,0.0,0.0,25.0,0.0,0.0,0,-8093,14636,1818,0
42957617,0,0,-2068.0,6185.0,-8871.0,0.0,0.0,0.0,25.0,0.0,0.0,0,-14269,-24666,12914,0
43062183,0,0,-2085.0,6165.0,-8092.0,0.0,0.0,0.0,25.0,0.0,0.0,0,-16002,-26705,26814,0
43113475,0,0,-2281.0,5255.0,-5343.0,0.0,0.0,0.0,25.0,0.0,0.0,0,29547,11572,-20546,0
43164480,0,0,-2561.0,3590.0,-7188.0,0.0,0.0,0.0,25.0,0.0,0.0,0,995,-27138,-12076,0
43221600,0,0,-2785.0,1127.0,-7986.0,0.0,0.0,0.0,25.0,0.0,0.0,0,-21846,-16150,-27913,0
43270482,0,0,-2762.0,-1275.0,-7581.0,0.0,0.0,0.0,25.0,0.0,0.0,0,-19501,1059,13386,0
43321477,0,0,-2607.0,-3098.0,-7234.0,0.0,0.0,0.0,25.0,0.0,0.0,0,-3696,11772,-16766,0
43377478,0,0,-2528.0,-4049.0,-6947.0,0.0,0.0,0.0,25.0,0.0,0.0,0,4360,-19667,12500,0
43431477,0,0,-2667.0,-3891.0,-6909.0,0.0,0.0,0.0,25.0,0.0,0.0,0,-9814,-3555,16375,0
43484477,0,0,-2946.0,-2977.0,-5836.0,0.0,0.0,0.0,25.0,0.0,0.0,0,27272,24111,-5282,0
43537183,0,0,-3145.0,-1551.0,-1206.0,0.0,0.0,0.0,25.0,0.0,0.0,0,6980,-27085,8095,0
43588879,0,0,-2956.0,-213.0,5827.0,0.0,0.0,0.0,25.0,0.0,0.0,0,26252,-21719,4364,0
43638478,0,0,-2350.0,772.0,12773.0,0.0,0.0,0.0,25.0,0.0,0.0,0,22511,13186,-8237,0
43691511,0,0,-1730.0,1430.0,16442.0,0.0,0.0,0.0,25.0,0.0,0.0,0,20198,14747,-27319,0
43742466,0,0,-1415.0,1616.0,16475.0,0.0,0.0,0.0,25.0,0.0,0.0,0,-13217,-31822,-23954,0
43799493,0,0,-1168.0,1316.0,15525.0,0.0,0.0,0.0,25.0,0.0,0.0,0,11970,3122,10245,0
43850466,0,0,-903.0,756.0,15305.0,0.0,0.0,0.0,25.0,0.0,0.0,0,-26544,11554,-12189,0
43903556,0,0,-575.0,25.0,15273.0,0.0,0.0,0.0,25.0,0.0,0.0,0,6903,2549,-15452,0
43951466,0,0,-284.0,-557.0,15195.0,0.0,0.0,0.0,25.0,0.0,0.0,0,-28959,8738,-23406,0
44007561,0,0,31.0,-1043.0,15088.0,0.0,0.0,0.0,25.0,0.0,0.0,0,3161,24716,31219,0
44058521,0,0,330.0,-1304.0,15000.0,0.0,0.0,0.0,25.0,0.0,0.0,0,-31886,-1898,22246,0
44113498,0,0,601.0,-1327.0,14927.0,0.0,0.0,0.0,25.0,0.0,0.0,0,-4252,-4244,14802,0
44164476,0,0,830.0,-1146.0,14706.0,0.0,0.0,0.0,25.0,0.0,0.0,0,19100,14213,-7734,0
44218477,0,0,914.0,-797.0,13063.0,0.0,0.0,0.0,25.0,0.0,0.0,0,27666,-15735,21335,0
44266555,0,0,-5182.0,-1349.0,-5820.0,0.0,0.0,0.0,25.0,0.0,0.0,0,-4128,-6487,-3650,0
44323493,0,0,-1921.0,65.0,-3929.0,0.0,0.0,0.0,25.0,0.0,0.0,0,721,6628,-7430,0
44375483,0,0,-1531.0,-29.0,5303.0,0.0,0.0,0.0,25.0,0.0,0.0,0,-25046,-2957,16467,0
44428537,0,0,-1436.0,-117.0,4484.0,0.0,0.0,0.0,25.0,0.0,0.0,0,-15359,-11930,-1512,0
44477736,0,0,-2405.0,-230.0,-866.0,0.0,0.0,0.0,25.0,0.0,0.0,0,16903,-23453,-22771,0
44531466,0,0,-2321.0,-286.0,-1054.0,0.0,0.0,0.0,25.0,0.0,0.0,0,25468,-29163,23594,0
44582365,0,0,-2746.0,-343.0,-772.0,0.0,0.0,0.0,25.0,0.0,0.0,0,-17870,30560,-13186,0
44635517,0,0,-3118.0,-185.0,991.0,0.0,0.0,0.0,25.0,0.0,0.0,0,9733,-18864,-30019,0
44687478,0,0,-3256.0,-177.0,1417.0,0.0,0.0,0.0,25.0,0.0,0.0,0,-4339,-18048,13421,0
44742330,0,0,-3178.0,-220.0,137.0,0.0,0.0,0.0,25.0,0.0,0.0,0,3615,-22433,13970,0
44795481,0,0,-3043.0,-225.0,-262.0,0.0,0.0,0.0,25.0,0.0,0.0,0,17381,-22943,-26716,0
44848464,0,0,-3018.0,-211.0,188.0,0.0,0.0,0.0,25.0,0.0,0.0,0,19930,-21516,19170,0
44899483,0,0,-3019.0,-206.0,306.0,0.0,0.0,0.0,25.0,0.0,0.0,0,19828,-21006,31203,0
44944497,0,0,-2998.0,-204.0,202.0,0.0,0.0,0.0,25.0,0.0,0.0,0,21970,-20802,20598,0
45004504,0,0,-2960.0,-210.0,117.0,0.0,0.0,0.0,25.0,0.0,0.0,0,25844,-21414,11930,0
45058555,0,0,-2929.0,-206.0,140.0,0.0,0.0,0.0,25.0,0.0,0.0,0,29006,-21006,14276,0
45109491,0,0,-2903.0,-198.0,174.0,0.0,0.0,0.0,25.0,0.0,0.0,0,31657,-20190,17743,0
45160476,0,0,-2877.0,-197.0,164.0,0.0,0.0,0.0,25.0,0.0,0.0,0,-31228,-20088,16723,0
45214666,0,0,-2847.0,-200.0,150.0,0.0,0.0,0.0,25.0,0.0,0.0,0,-28169,-20394,15295,0
45266476,0,0,-2820.0,-198.0,149.0,0.0,0.0,0.0,25.0,0.0,0.0,0,-25415,-20190,15193,0
45319546,0,0,-2793.0,-191.0,151.0,0.0,0.0,0.0,25.0,0.0,0.0,0,-22662,-19476,15397,0
45370653,0,0,-2765.0,-194.0,149.0,0.0,0.0,0.0,25.0,0.0,0.0,0,-19807,-19782,15193,0
45423493,0,0,-2746.0,-188.0,146.0,0.0,0.0,0.0,25.0,0.0,0.0,0,-17870,-19170,14887,0
45476589,0,0,-2727.0,-191.0,144.0,0.0,0.0,0.0,25.0,0.0,0.0,0,-15932,-19476,14683,0
45530499,0,0,-2701.0,-185.0,142.0,0.0,0.0,0.0,25.0,0.0,0.0,0,-13281,-18864,14479,0
45581493,0,0,-2677.0,-183.0,141.0,0.0,0.0,0.0,25.0,0.0,0.0,0,-10834,-18660,14377,0
45637493,0,0,-2651.0,-186.0,139.0,0.0,0.0,0.0,25.0,0.0,0.0,0,-8182,-18966,14174,0
45688495,0,0,-2626.0,-180.0,136.0,0.0,0.0,0.0,25.0,0.0,0.0,0,-5633,-18354,13868,0
45737145,0,0,-2603.0,-178.0,134.0,0.0,0.0,0.0,25.0,0.0,0.0,0,-3288,-18150,13664,0
45794476,0,0,-2578.0,-181.0,132.0,0.0,0.0,0.0,25.0,0.0,0.0,0,-738,-18456,13460,0
45845476,0,0,-2556.0,-179.0,131.0,0.0,0.0,0.0,25.0,0.0,0.0,0,1505,-18252,13358,0
45898476,0,0,-2533.0,-173.0,129.0,0.0,0.0,0.0,25.0,0.0,0.0,0,3850,-17641,13154,0
45948496,0,0,-2511.0,-172.0,127.0,0.0,0.0,0.0,25.0,0.0,0.0,0,6094,-17539,12950,0
45998817,0,0,-2490.0,-170.0,125.0,0.0,0.0,0.0,25.0,0.0,0.0,0,8235,-17335,12746,0
46057464,0,0,-2467.0,-173.0,123.0,0.0,0.0,0.0,25.0,0.0,0.0,0,10581,-17641,12542,0
46104495,0,0,-2446.0,-167.0,121.0,0.0,0.0,0.0,25.0,0.0,0.0,0,12722,-17029,12338,0
46161476,0,0,-2424.0,-170.0,120.0,0.0,0.0,0.0,25.0,0.0,0.0,0,14965,-17335,12236,0
46214496,0,0,-2402.0,-167.0,118.0,0.0,0.0,0.0,25.0,0.0,0.0,0,17209,-17029,12032,0
46266424,0,0,-2383.0,-165.0,116.0,0.0,0.0,0.0,25.0,0.0,0.0,0,19146,-16825,11828,0
46318498,0,0,-2363.0,-164.0,114.0,0.0,0.0,0.0,25.0,0.0,0.0,0,21186,-16723,11624,0
46369479,0,0,-2344.0,-163.0,113.0,0.0,0.0,0.0,25.0,0.0,0.0,0,23123,-16621,11522,0
