timestamp,rollspeed,pitchspeed,yawspeed,q[0],q[1],q[2],q[3],delta_q_reset[0],delta_q_reset[1],delta_q_reset[2],delta_q_reset[3],quat_reset_counter
11594276,-6.89608e-07,2.18289e-05,-4.39178e-09,0.70711,3.33396e-06,-3.43173e-06,0.70711,0.0,0.0,0.0,0.0,0
11769153,-6.89608e-07,2.18289e-05,-4.39178e-09,0.70711,3.33396e-06,-3.43173e-06,0.70711,0.0,0.0,0.0,0.0,0
11821540,-7.01617e-07,2.1827e-05,-4.39953e-09,0.70711,3.33521e-06,-3.43053e-06,0.70711,0.0,0.0,0.0,0.0,0
11871680,-7.09827e-07,2.18194e-05,-4.40505e-09,0.70711,3.33617e-06,-3.42975e-06,0.70711,0.0,0.0,0.0,0.0,0
11928936,-2.35449e-07,2.17824e-05,-4.41958e-09,0.70711,3.33759e-06,-3.42912e-06,0.70711,0.0,0.0,0.0,0.0,0
11979077,-7.22929e-07,2.17691e-05,-4.41547e-09,0.70711,3.33917e-06,-3.42941e-06,0.70711,0.0,0.0,0.0,0.0,0
12030998,-4.10509e-07,2.17103e-05,-4.42524e-09,0.70711,3.34174e-06,-3.43047e-06,0.70711,0.0,0.0,0.0,0.0,0
12083771,-7.27969e-07,2.16909e-05,-4.4225e-09,0.70711,3.34486e-06,-3.43265e-06,0.70711,0.0,0.0,0.0,0.0,0
12138511,-7.2752e-07,2.16515e-05,-4.42506e-09,0.70711,3.34927e-06,-3.43605e-06,0.70711,0.0,0.0,0.0,0.0,0
12188014,-7.23972e-07,2.16391e-05,-4.42512e-09,0.70711,3.35389e-06,-3.44047e-06,0.70711,0.0,0.0,0.0,0.0,0
12241579,-7.20395e-07,2.1635e-05,-4.42724e-09,0.70711,3.35977e-06,-3.44602e-06,0.70711,0.0,0.0,0.0,0.0,0
12293591,-7.1728e-07,2.16394e-05,-4.43039e-09,0.70711,3.36593e-06,-3.45181e-06,0.70711,0.0,0.0,0.0,0.0,0
12346810,-7.14063e-07,2.16509e-05,-4.43476e-09,0.70711,3.37273e-06,-3.45818e-06,0.70711,0.0,0.0,0.0,0.0,0
12400776,-2.68845e-07,1.66557e-05,4.16644e-09,0.70711,3.53391e-06,-3.36223e-06,0.70711,0.0,0.0,0.0,0.0,0
12450484,-6.40557e-08,1.56593e-05,-1.22106e-07,0.70711,3.55151e-06,-3.35903e-06,0.70711,0.0,0.0,0.0,0.0,0
12506491,1.13645e-07,2.13909e-05,6.47019e-09,0.70711,3.63049e-06,-3.49479e-06,0.70711,0.0,0.0,0.0,0.0,0
12555460,-7.44729e-08,2.20314e-05,5.59067e-09,0.70711,3.76454e-06,-3.63462e-06,0.70711,0.0,0.0,0.0,0.0,0
12610490,1.31895e-07,2.25097e-05,5.38296e-09,0.70711,3.80107e-06,-3.68312e-06,0.70711,0.0,0.0,0.0,0.0,0
12663490,1.93176e-07,2.30226e-05,5.21375e-09,0.70711,3.83808e-06,-3.70431e-06,0.70711,0.0,0.0,0.0,0.0,0
12716488,2.4264e-07,2.35236e-05,-2.73572e-07,0.70711,3.86573e-06,-3.72652e-06,0.70711,0.0,0.0,0.0,0.0,0
12767495,2.45707e-07,2.39219e-05,-2.66711e-07,0.70711,3.86183e-06,-3.76615e-06,0.70711,0.0,0.0,0.0,0.0,0
12821472,2.43956e-07,2.42325e-05,-2.61435e-07,0.70711,3.90151e-06,-3.75147e-06,0.70711,0.0,0.0,0.0,0.0,0
12872474,2.39385e-07,2.44558e-05,-2.57665e-07,0.70711,3.88416e-06,-3.78438e-06,0.70711,0.0,0.0,0.0,0.0,0
12926550,2.34067e-07,2.47111e-05,-2.5287e-07,0.70711,3.91119e-06,-3.77291e-06,0.70711,0.0,0.0,0.0,0.0,0
12975495,1.64218e-07,2.48884e-05,-0.00147703,0.707115,3.90811e-06,-3.78438e-06,0.707105,0.0,0.0,0.0,0.0,0
13025590,8.73161e-08,2.5025e-05,-0.00764923,0.707182,3.91048e-06,-3.78584e-06,0.707038,0.0,0.0,0.0,0.0,0
13035470,7.0241e-08,2.50451e-05,-0.00910514,0.707205,3.90834e-06,-3.78822e-06,0.707015,0.0,0.0,0.0,0.0,0
13141195,5.88129e-08,2.50555e-05,-0.00987742,0.707218,3.90966e-06,-3.78699e-06,0.707002,0.0,0.0,0.0,0.0,0
13195497,-5.72053e-08,2.51637e-05,-0.0222744,0.707498,3.90697e-06,-3.78845e-06,0.706722,0.0,0.0,0.0,0.0,0
13246913,5.82053e-06,2.59853e-05,-0.0367223,0.707985,3.9137e-06,-3.7802e-06,0.706234,0.0,0.0,0.0,0.0,0
13298475,-4.28651e-07,2.53001e-05,-0.0530707,0.708732,3.89315e-06,-3.79058e-06,0.705484,0.0,0.0,0.0,0.0,0
13350159,-6.31736e-07,2.53452e-05,-0.0718467,0.709863,3.87714e-06,-3.79565e-06,0.704346,0.0,0.0,0.0,0.0,0
13403492,-8.18905e-07,2.53744e-05,-0.0890403,0.71121,3.86582e-06,-3.79439e-06,0.702986,0.0,0.0,0.0,0.0,0
13456093,-9.97862e-07,2.53928e-05,-0.106289,0.712984,3.84624e-06,-3.79773e-06,0.701187,0.0,0.0,0.0,0.0,0
13507499,-1.12479e-06,2.53978e-05,-0.11992,0.714879,3.83093e-06,-3.7959e-06,0.699255,0.0,0.0,0.0,0.0,0
13560564,-1.25087e-06,2.54007e-05,-0.130526,0.716975,3.80626e-06,-3.80107e-06,0.697106,0.0,0.0,0.0,0.0,0
13610922,-1.30507e-06,2.53899e-05,-0.137457,0.719213,3.77995e-06,-3.80574e-06,0.694796,0.0,0.0,0.0,0.0,0
13668475,-1.36449e-06,2.53798e-05,-0.140375,0.721723,3.75433e-06,-3.80611e-06,0.692188,0.0,0.0,0.0,0.0,0
13718586,-1.36256e-06,2.53395e-05,-0.139558,0.724049,3.72688e-06,-3.80542e-06,0.689755,0.0,0.0,0.0,0.0,0
13773500,-1.31657e-06,2.52986e-05,-0.135428,0.726518,3.69686e-06,-3.80456e-06,0.687154,0.0,0.0,0.0,0.0,0
13823473,-1.24503e-06,2.5255e-05,-0.128814,0.728701,3.67204e-06,-3.7994e-06,0.684838,0.0,0.0,0.0,0.0,0
13872398,-1.14978e-06,2.52006e-05,-0.119835,0.730751,3.64378e-06,-3.79589e-06,0.682651,0.0,0.0,0.0,0.0,0
13929531,-1.32211e-06,2.52094e-05,-0.107878,0.73278,3.61407e-06,-3.78899e-06,0.680473,0.0,0.0,0.0,0.0,0
13982590,-8.53798e-07,2.50958e-05,-0.0939481,0.7343,3.58771e-06,-3.78868e-06,0.678831,0.0,0.0,0.0,0.0,0
14031478,-6.70444e-07,2.50286e-05,-0.0769233,0.735705,3.56201e-06,-3.7796e-06,0.677309,0.0,0.0,0.0,0.0,0
14086717,-4.62396e-07,2.49493e-05,-0.0572633,0.736899,3.53596e-06,-3.76598e-06,0.676009,0.0,0.0,0.0,0.0,0
14140474,-2.70622e-07,2.48696e-05,-0.0387577,0.73769,3.51324e-06,-3.75079e-06,0.675146,0.0,0.0,0.0,0.0,0
14189474,-1.03895e-07,2.47908e-05,-0.0222816,0.738154,3.4935e-06,-3.73481e-06,0.674639,0.0,0.0,0.0,0.0,0
14243507,7.40598e-08,2.46901e-05,-0.00408606,0.738395,3.47137e-06,-3.71362e-06,0.674375,0.0,0.0,0.0,0.0,0
14297494,6.91541e-08,2.45267e-05,-9.47155e-06,0.738407,3.45673e-06,-3.68799e-06,0.674362,0.0,0.0,0.0,0.0,0
14349487,5.64854e-08,2.44239e-05,-1.62715e-05,0.738407,3.43311e-06,-3.66877e-06,0.674362,0.0,0.0,0.0,0.0,0
14400555,-1.90238e-07,2.42433e-05,-2.25653e-05,0.738407,3.42059e-06,-3.64204e-06,0.674362,0.0,0.0,0.0,0.0,0
14454814,3.26315e-08,2.42074e-05,-2.92875e-05,0.738408,3.40542e-06,-3.61046e-06,0.674361,0.0,0.0,0.0,0.0,0
14507491,2.156e-08,2.41024e-05,-3.51544e-05,0.738408,3.35635e-06,-3.61528e-06,0.674361,0.0,0.0,0.0,0.0,0
14557475,8.38755e-09,2.3985e-05,-4.13033e-05,0.738409,3.36944e-06,-3.55905e-06,0.67436,0.0,0.0,0.0,0.0,0
14613476,-3.91951e-09,2.38644e-05,-4.73272e-05,0.73841,3.33258e-06,-3.54749e-06,0.674359,0.0,0.0,0.0,0.0,0
14662497,-1.46029e-08,2.37594e-05,-5.23809e-05,0.738411,3.30437e-06,-3.5341e-06,0.674358,0.0,0.0,0.0,0.0,0
14716502,-2.6353e-08,2.36422e-05,-5.78543e-05,0.738411,3.30336e-06,-3.49163e-06,0.674357,0.0,0.0,0.0,0.0,0
14769494,2.11952e-07,2.36197e-05,-6.65905e-05,0.738412,3.27223e-06,-3.47976e-06,0.674356,0.0,0.0,0.0,0.0,0
14823523,-4.93099e-08,2.34096e-05,-6.82492e-05,0.738413,3.18952e-06,-3.51012e-06,0.674355,0.0,0.0,0.0,0.0,0
14875492,-6.26355e-08,2.32736e-05,-7.4081e-05,0.738415,3.22913e-06,-3.42433e-06,0.674354,0.0,0.0,0.0,0.0,0
14926685,-7.61178e-08,2.31344e-05,-7.98885e-05,0.738416,3.17869e-06,-3.4199e-06,0.674352,0.0,0.0,0.0,0.0,0
14967471,-5.96557e-07,2.30883e-05,-0.000120717,0.738417,3.15321e-06,-3.40966e-06,0.674351,0.0,0.0,0.0,0.0,0
15030485,-1.01124e-07,2.29179e-05,-0.000883856,0.738423,3.1424e-06,-3.37024e-06,0.674344,0.0,0.0,0.0,0.0,0
15081573,-1.49284e-07,2.27677e-05,-0.00272619,0.738452,3.10759e-06,-3.34592e-06,0.674312,0.0,0.0,0.0,0.0,0
15135870,-1.89587e-07,2.26256e-05,-0.00521432,0.738514,3.08055e-06,-3.32066e-06,0.674244,0.0,0.0,0.0,0.0,0
15189465,-2.34543e-07,2.24697e-05,-0.00841097,0.738631,3.05106e-06,-3.29297e-06,0.674116,0.0,0.0,0.0,0.0,0
15239523,-2.66761e-07,2.23608e-05,-0.0107701,0.738746,3.03034e-06,-3.27368e-06,0.673991,0.0,0.0,0.0,0.0,0
15295493,-3.0224e-07,2.22389e-05,-0.0134706,0.738908,3.00695e-06,-3.25219e-06,0.673813,0.0,0.0,0.0,0.0,0
15342474,-3.38544e-07,2.21042e-05,-0.0162893,0.739127,2.98078e-06,-3.22847e-06,0.673573,0.0,0.0,0.0,0.0,0
15396547,-3.76014e-07,2.19427e-05,-0.0191192,0.739436,2.94919e-06,-3.20032e-06,0.673234,0.0,0.0,0.0,0.0,0
15453467,-4.06118e-07,2.178e-05,-0.0212896,0.739789,2.91707e-06,-3.1719e-06,0.672845,0.0,0.0,0.0,0.0,0
15505476,-4.27076e-07,2.16156e-05,-0.0225207,0.740173,2.8844e-06,-3.14315e-06,0.672423,0.0,0.0,0.0,0.0,0
15556498,-4.39209e-07,2.14734e-05,-0.0228927,0.74051,2.85639e-06,-3.11851e-06,0.672052,0.0,0.0,0.0,0.0,0
15606476,-4.76143e-07,2.13471e-05,-0.0228747,0.740757,2.83586e-06,-3.10031e-06,0.67178,0.0,0.0,0.0,0.0,0
15657494,-2.95734e-07,2.12098e-05,-0.0220135,0.74109,2.80799e-06,-3.07476e-06,0.671413,0.0,0.0,0.0,0.0,0
15710475,-2.67596e-07,2.10447e-05,-0.0203016,0.741433,2.78e-06,-3.04537e-06,0.671034,0.0,0.0,0.0,0.0,0
15768475,4.86922e-07,1.9046e-05,-0.0175538,0.741792,2.78014e-06,-3.02412e-06,0.670637,0.0,0.0,0.0,0.0,0
15820478,-1.49857e-06,-0.00635481,-0.0139624,0.74205,2.72084e-05,-3.00569e-05,0.670351,0.0,0.0,0.0,0.0,0
15870486,-7.05775e-06,-0.0246707,-0.00837311,0.742236,0.000258289,-0.000286012,0.670145,0.0,0.0,0.0,0.0,0
15924478,-3.10615e-06,-0.0419373,-0.00114308,0.742319,0.000791393,-0.000876684,0.670052,0.0,0.0,0.0,0.0,0
15976484,-3.10897e-07,-0.0502991,-1.2011e-05,0.74232,0.00154196,-0.00170824,0.670048,0.0,0.0,0.0,0.0,0
16028552,-3.08341e-07,-0.0483892,-8.35214e-06,0.742317,0.00241766,-0.00267836,0.670045,0.0,0.0,0.0,0.0,0
16082495,-2.88072e-07,-0.0399475,-4.96386e-06,0.742314,0.00319802,-0.00354291,0.670042,0.0,0.0,0.0,0.0,0
16133526,-2.57405e-07,-0.0319006,-1.93892e-06,0.742311,0.00377918,-0.00418676,0.670039,0.0,0.0,0.0,0.0,0
16186505,-2.13991e-07,-0.0266138,1.37588e-06,0.742307,0.00428687,-0.00474921,0.670036,0.0,0.0,0.0,0.0,0
16238480,-1.78052e-07,-0.0253603,3.73155e-06,0.742305,0.00459994,-0.00509604,0.670034,0.0,0.0,0.0,0.0,0
16289480,-3.78053e-07,-0.0255008,6.35978e-06,0.742302,0.00493996,-0.00547274,0.670032,0.0,0.0,0.0,0.0,0
16344497,-6.85981e-08,-0.0263229,9.63605e-06,0.742298,0.00535679,-0.00593453,0.670028,0.0,0.0,0.0,0.0,0
16396475,-2.35933e-07,-0.0265058,1.30816e-05,0.742294,0.00581931,-0.00644696,0.670025,0.0,0.0,0.0,0.0,0
16446554,9.0959e-08,-0.0255616,1.62884e-05,0.74229,0.00624059,-0.00691363,0.670021,0.0,0.0,0.0,0.0,0
16500491,1.69933e-07,-0.0240744,1.91475e-05,0.742285,0.00660842,-0.00732117,0.670018,0.0,0.0,0.0,0.0,0
16554520,2.52888e-07,-0.0224986,2.19774e-05,0.742281,0.0069532,-0.00770312,0.670015,0.0,0.0,0.0,0.0,0
16604483,3.39528e-07,-0.0211924,2.47915e-05,0.742277,0.00727628,-0.00806101,0.670012,0.0,0.0,0.0,0.0,0
16660478,4.4677e-07,-0.0201219,2.81062e-05,0.742272,0.0076369,-0.00846057,0.670008,0.0,0.0,0.0,0.0,0
16707469,5.32953e-07,-0.0195406,3.0647e-05,0.742268,0.0079035,-0.00875584,0.670006,0.0,0.0,0.0,0.0,0
16762496,8.49141e-07,-0.0189712,3.19216e-05,0.742264,0.00818833,-0.00907144,0.670003,0.0,0.0,0.0,0.0,0
16815490,7.42507e-07,-0.0183131,3.64393e-05,0.742259,0.00848934,-0.00940492,0.67,0.0,0.0,0.0,0.0,0
16865478,7.37009e-06,-0.0177538,0.000288667,0.742255,0.00870783,-0.00964688,0.669998,0.0,0.0,0.0,0.0,0
16919287,3.96039e-05,-0.0169401,0.00147916,0.742239,0.00898823,-0.00995718,0.670008,0.0,0.0,0.0,0.0,0
16972466,8.8995e-05,-0.0162061,0.0032293,0.742202,0.0092341,-0.0102285,0.670041,0.0,0.0,0.0,0.0,0
17025535,0.00015807,-0.0154923,0.00557765,0.742129,0.00949108,-0.010511,0.670114,0.0,0.0,0.0,0.0,0
17080496,0.000241289,-0.0148404,0.00828058,0.742006,0.00975827,-0.0108031,0.670242,0.0,0.0,0.0,0.0,0
17129478,0.00031636,-0.0143189,0.0106001,0.741851,0.00999627,-0.0110616,0.670405,0.0,0.0,0.0,0.0,0
17183558,0.000381267,-0.0138341,0.0124903,0.741662,0.0102269,-0.0113105,0.670607,0.0,0.0,0.0,0.0,0
17237480,0.000430806,-0.0133263,0.0137923,0.741429,0.0104687,-0.01157,0.670857,0.0,0.0,0.0,0.0,0
17287475,0.000458158,-0.0128698,0.0143772,0.741198,0.0106846,-0.0118005,0.671105,0.0,0.0,0.0,0.0,0
17343478,0.000466734,-0.0123913,0.0143493,0.740942,0.0109106,-0.012041,0.671379,0.0,0.0,0.0,0.0,0
17393478,0.000455288,-0.0119685,0.0137494,0.740711,0.011112,-0.0122549,0.671627,0.0,0.0,0.0,0.0,0
17448478,0.000424612,-0.011531,0.0125899,0.740475,0.0113225,-0.0124784,0.671879,0.0,0.0,0.0,0.0,0
17499497,0.000383758,-0.0111416,0.0111975,0.740279,0.0115099,-0.0126777,0.672089,0.0,0.0,0.0,0.0,0
17547534,0.000340275,-0.0107934,0.0097906,0.740119,0.0116759,-0.0128545,0.672258,0.0,0.0,0.0,0.0,0
17604467,0.000295463,-0.0104521,0.00838836,0.739981,0.0118366,-0.0130261,0.672404,0.0,0.0,0.0,0.0,0
17657554,0.000260722,-0.0101783,0.00732482,0.739883,0.011964,-0.0131626,0.672508,0.0,0.0,0.0,0.0,0
17710501,0.00022074,-0.00982251,0.00611913,0.73977,0.0121285,-0.0133393,0.672625,0.0,0.0,0.0,0.0,0
17763467,0.000189329,-0.00945136,0.00517655,0.739668,0.0123001,-0.0135239,0.67273,0.0,0.0,0.0,0.0,0
17815466,0.000171571,-0.00912385,0.00463448,0.739586,0.0124526,-0.0136884,0.672815,0.0,0.0,0.0,0.0,0
17868498,0.000167239,-0.00881323,0.00446527,0.73951,0.0125998,-0.0138472,0.672892,0.0,0.0,0.0,0.0,0
17916482,0.000176679,-0.00851553,0.00466495,0.739434,0.0127422,-0.0140006,0.67297,0.0,0.0,0.0,0.0,0
17969498,0.000195105,-0.00823294,0.00509666,0.739353,0.01288,-0.0141487,0.673053,0.0,0.0,0.0,0.0,0
18023477,0.000220952,-0.00794612,0.00570826,0.739255,0.0130245,-0.0143035,0.673154,0.0,0.0,0.0,0.0,0
18078497,0.000243987,-0.00769814,0.0062414,0.739156,0.0131539,-0.0144413,0.673258,0.0,0.0,0.0,0.0,0
18128481,0.000264815,-0.00746683,0.0067117,0.739049,0.0132795,-0.0145748,0.67337,0.0,0.0,0.0,0.0,0
18183477,0.000283491,-0.00722618,0.00711542,0.738925,0.0134118,-0.0147146,0.6735,0.0,0.0,0.0,0.0,0
18233524,0.000292698,-0.00701277,0.00728348,0.738806,0.0135303,-0.0148394,0.673626,0.0,0.0,0.0,0.0,0
18288477,0.00029286,-0.00679223,0.00722248,0.738675,0.013655,-0.0149705,0.673763,0.0,0.0,0.0,0.0,0
18335481,0.000285294,-0.00661329,0.00698475,0.738567,0.0137575,-0.0150781,0.673877,0.0,0.0,0.0,0.0,0
18391485,0.00026877,-0.00640848,0.0065258,0.738446,0.0138752,-0.0152018,0.674005,0.0,0.0,0.0,0.0,0
18443494,0.000246448,-0.00622432,0.00593993,0.738342,0.0139806,-0.0153125,0.674114,0.0,0.0,0.0,0.0,0
18497494,0.00022232,-0.00604431,0.00531989,0.738248,0.0140828,-0.0154203,0.674213,0.0,0.0,0.0,0.0,0
18548525,0.000201198,-0.00586861,0.00478227,0.738163,0.0141819,-0.0155251,0.674301,0.0,0.0,0.0,0.0,0
18603465,0.000181745,-0.00568142,0.00428921,0.738081,0.014286,-0.0156352,0.674386,0.0,0.0,0.0,0.0,0
18651809,0.000169432,-0.00552811,0.00397543,0.738018,0.0143714,-0.0157258,0.674452,0.0,0.0,0.0,0.0,0
18705576,0.000159228,-0.00536808,0.00371311,0.737954,0.0144619,-0.0158219,0.674518,0.0,0.0,0.0,0.0,0
18756591,0.000156702,-0.00521364,0.0036325,0.737892,0.0145498,-0.0159153,0.674581,0.0,0.0,0.0,0.0,0
18809499,0.00015891,-0.00506436,0.00366245,0.737831,0.0146353,-0.016006,0.674644,0.0,0.0,0.0,0.0,0
18864517,0.000161432,-0.00494523,0.00370324,0.73778,0.0147047,-0.0160795,0.674696,0.0,0.0,0.0,0.0,0
18913903,0.000167759,-0.00483116,0.0038309,0.737727,0.0147726,-0.0161513,0.67475,0.0,0.0,0.0,0.0,0
18970497,0.000172487,-0.00470052,0.00391807,0.737664,0.0148521,-0.0162353,0.674817,0.0,0.0,0.0,0.0,0
19021487,0.000181012,-0.00457284,0.00409066,0.737597,0.0149296,-0.0163169,0.674886,0.0,0.0,0.0,0.0,0
19124814,0.00018018,-0.00455159,0.00406784,0.737585,0.0149424,-0.0163302,0.674898,0.0,0.0,0.0,0.0,0
19174483,0.000186547,-0.0044309,0.00419149,0.737517,0.0150176,-0.0164092,0.674969,0.0,0.0,0.0,0.0,0
19229552,0.000189808,-0.00431458,0.00424445,0.737446,0.0150909,-0.016486,0.675042,0.0,0.0,0.0,0.0,0
19278478,0.000189377,-0.0042029,0.0042153,0.737376,0.0151625,-0.0165608,0.675116,0.0,0.0,0.0,0.0,0
19333479,0.000182686,-0.004086,0.00404612,0.737301,0.015238,-0.0166396,0.675194,0.0,0.0,0.0,0.0,0
19386481,0.000175634,-0.00398272,0.00387378,0.737235,0.0153058,-0.0167104,0.675263,0.0,0.0,0.0,0.0,0
19435479,0.000167493,-0.00388848,0.00368007,0.737177,0.0153664,-0.0167738,0.675323,0.0,0.0,0.0,0.0,0
19487478,0.000158541,-0.00379587,0.0034704,0.737122,0.0154256,-0.0168358,0.67538,0.0,0.0,0.0,0.0,0
19543530,0.000147685,-0.00370648,0.00322111,0.737071,0.0154834,-0.0168963,0.675433,0.0,0.0,0.0,0.0,0
19597494,0.000135817,-0.00361283,0.00295092,0.73702,0.0155448,-0.0169608,0.675486,0.0,0.0,0.0,0.0,0
19644524,0.0001308,-0.00352607,0.00283216,0.736976,0.0155997,-0.0170186,0.675532,0.0,0.0,0.0,0.0,0
19702553,0.000127157,-0.00341812,0.00274161,0.736921,0.0156677,-0.0170901,0.675588,0.0,0.0,0.0,0.0,0
19752479,0.000126214,-0.00333071,0.00271165,0.736875,0.0157244,-0.0171497,0.675635,0.0,0.0,0.0,0.0,0
19805466,0.000126858,-0.00324061,0.00271533,0.736826,0.0157842,-0.0172125,0.675685,0.0,0.0,0.0,0.0,0
19859480,0.000128426,-0.00315367,0.00273893,0.736777,0.0158426,-0.0172736,0.675736,0.0,0.0,0.0,0.0,0
19912479,0.000126365,-0.00307095,0.00268557,0.736728,0.0158994,-0.0173331,0.675787,0.0,0.0,0.0,0.0,0
19961478,0.00012633,-0.0029951,0.00267577,0.736683,0.0159505,-0.0173866,0.675833,0.0,0.0,0.0,0.0,0
20017493,0.000128096,-0.002916,0.00270478,0.736634,0.0160046,-0.0174431,0.675884,0.0,0.0,0.0,0.0,0
20069183,0.00012862,-0.00283916,0.00270711,0.736585,0.0160573,-0.0174981,0.675934,0.0,0.0,0.0,0.0,0
20119512,0.000125845,-0.0027775,0.00264174,0.736544,0.0161009,-0.0175435,0.675977,0.0,0.0,0.0,0.0,0
20170512,0.000124095,-0.00271213,0.00259768,0.7365,0.0161474,-0.0175919,0.676022,0.0,0.0,0.0,0.0,0
20226494,0.00011339,-0.00263953,0.00236618,0.736453,0.0162002,-0.0176471,0.676072,0.0,0.0,0.0,0.0,0
20277497,0.000109977,-0.00257624,0.0022889,0.736414,0.0162444,-0.0176932,0.676112,0.0,0.0,0.0,0.0,0
20329560,0.000108967,-0.00251207,0.00226201,0.736376,0.0162875,-0.0177382,0.676151,0.0,0.0,0.0,0.0,0
20382477,0.000107843,-0.00244634,0.00223257,0.736335,0.016333,-0.0177857,0.676193,0.0,0.0,0.0,0.0,0
20434506,0.000106484,-0.00238518,0.0021986,0.736295,0.0163775,-0.017832,0.676235,0.0,0.0,0.0,0.0,0
20487480,0.000104911,-0.00233055,0.00216098,0.736258,0.0164175,-0.0178737,0.676272,0.0,0.0,0.0,0.0,0
20542477,9.90813e-05,-0.00226921,0.00203545,0.736217,0.0164631,-0.0179213,0.676314,0.0,0.0,0.0,0.0,0
20591466,9.8123e-05,-0.00222026,0.00201159,0.736186,0.0164981,-0.0179577,0.676346,0.0,0.0,0.0,0.0,0
20647478,9.69901e-05,-0.00216308,0.00198363,0.73615,0.0165385,-0.0179998,0.676384,0.0,0.0,0.0,0.0,0
20699466,9.58028e-05,-0.00211324,0.00195515,0.736117,0.0165749,-0.0180377,0.676418,0.0,0.0,0.0,0.0,0
20750466,9.21548e-05,-0.00206165,0.0018771,0.736082,0.0166134,-0.0180778,0.676454,0.0,0.0,0.0,0.0,0
20801477,9.09536e-05,-0.00201605,0.00184826,0.736051,0.0166482,-0.018114,0.676486,0.0,0.0,0.0,0.0,0
20852480,8.96788e-05,-0.00196964,0.00181874,0.73602,0.0166822,-0.0181494,0.676518,0.0,0.0,0.0,0.0,0
20908482,8.62179e-05,-0.00192115,0.00174492,0.735988,0.0167182,-0.0181869,0.676551,0.0,0.0,0.0,0.0,0
20958479,8.33282e-05,-0.00188544,0.00168384,0.735963,0.0167453,-0.0182151,0.676576,0.0,0.0,0.0,0.0,0
21014477,7.8901e-05,-0.00184749,0.00159174,0.735938,0.0167745,-0.0182456,0.676602,0.0,0.0,0.0,0.0,0
21067496,8.6448e-05,0.016812,0.00174523,0.735915,0.0167704,-0.0182398,0.676628,0.0,0.0,0.0,0.0,0
21117527,0.000119254,0.0455261,0.00249698,0.735895,0.0162097,-0.0176283,0.676678,0.0,0.0,0.0,0.0,0
21170482,0.000215839,0.0955498,0.00498508,0.735868,0.0147094,-0.0159936,0.676784,0.0,0.0,0.0,0.0,0
21223464,0.000365709,0.14917,0.0100423,0.73579,0.0124188,-0.0134978,0.676968,0.0,0.0,0.0,0.0,0
21277479,0.000479969,0.0842518,0.0160772,0.735606,0.0101654,-0.0110413,0.67725,0.0,0.0,0.0,0.0,0
21326466,0.000580363,0.056843,0.0223152,0.735314,0.00885214,-0.00960597,0.677607,0.0,0.0,0.0,0.0,0
21378877,0.00060906,0.102228,0.0278866,0.734889,0.00747378,-0.00809959,0.678105,0.0,0.0,0.0,0.0,0
21434466,0.000413056,0.167544,0.0259702,0.734413,0.00550634,-0.0059586,0.678661,0.0,0.0,0.0,0.0,0
21487470,9.40028e-05,0.0785166,0.0114103,0.734078,0.00287305,-0.00310577,0.679059,0.0,0.0,0.0,0.0,0
21535341,-4.7077e-05,-0.055616,-0.00571417,0.73402,0.00274765,-0.00296971,0.679122,0.0,0.0,0.0,0.0,0
21589473,-0.000252789,-0.0491128,-0.0219427,0.734253,0.00387014,-0.0041859,0.678859,0.0,0.0,0.0,0.0,0
21642481,-0.000428172,0.006532,-0.0342471,0.734744,0.00424045,-0.00459312,0.678323,0.0,0.0,0.0,0.0,0
21694503,-0.000500066,0.0125072,-0.0424658,0.735422,0.00399738,-0.00433853,0.67759,0.0,0.0,0.0,0.0,0
21748616,-0.000530664,-0.00550964,-0.0457231,0.736205,0.00392315,-0.00426784,0.676741,0.0,0.0,0.0,0.0,0
21801496,-0.000527843,-0.00924217,-0.0437327,0.736999,0.00407156,-0.00443975,0.675873,0.0,0.0,0.0,0.0,0
21854494,-0.000478863,-0.00407235,-0.0387193,0.737618,0.00417157,-0.00455718,0.675197,0.0,0.0,0.0,0.0,0
21904783,-0.0004141,-0.00136249,-0.0332463,0.738059,0.00420039,-0.00459471,0.674714,0.0,0.0,0.0,0.0,0
21956494,-0.000323406,-0.00177797,-0.0258445,0.738503,0.00421667,-0.0046186,0.674228,0.0,0.0,0.0,0.0,0
22011520,-0.000222429,-0.00353286,-0.0175718,0.738887,0.00426086,-0.00467235,0.673807,0.0,0.0,0.0,0.0,0
22062497,-0.000158915,-0.00372763,-0.0128555,0.739073,0.00430444,-0.00472276,0.673602,0.0,0.0,0.0,0.0,0
22111958,0.000881442,-0.00105567,-0.00878994,0.739246,0.00435365,-0.00476763,0.673411,0.0,0.0,0.0,0.0,0
22167747,0.00372488,0.00268704,-0.00805341,0.739388,0.00438042,-0.00471591,0.673255,0.0,0.0,0.0,0.0,0
22219511,0.00782156,0.00456638,-0.0110605,0.739536,0.0044196,-0.0045609,0.673094,0.0,0.0,0.0,0.0,0
22274478,0.0106853,0.00699346,-0.0168928,0.739775,0.0045087,-0.0042875,0.672833,0.0,0.0,0.0,0.0,0
22326496,0.010851,0.0109246,-0.0228392,0.740119,0.00456627,-0.00392621,0.672456,0.0,0.0,0.0,0.0,0
22376477,0.010408,0.0143417,-0.0272683,0.740522,0.00455582,-0.00352877,0.672014,0.0,0.0,0.0,0.0,0
22430601,0.00989052,0.0176171,-0.0301668,0.741025,0.0044767,-0.00304216,0.671463,0.0,0.0,0.0,0.0,0
22481497,0.00956248,0.0205427,-0.0308284,0.741518,0.0043464,-0.002545,0.67092,0.0,0.0,0.0,0.0,0
22537733,0.00942236,0.0239925,-0.0293795,0.742088,0.00412935,-0.00190357,0.670293,0.0,0.0,0.0,0.0,0
22586477,0.00946154,0.0262104,-0.0274763,0.742433,0.00395494,-0.00145398,0.669913,0.0,0.0,0.0,0.0,0
22642481,0.00957891,0.028404,-0.0251256,0.742752,0.00375486,-0.000974094,0.669562,0.0,0.0,0.0,0.0,0
22692511,0.00979063,0.0310349,-0.0219817,0.743101,0.00347732,-0.000345913,0.669177,0.0,0.0,0.0,0.0,0
22745535,0.0100757,0.0340619,-0.0184487,0.743453,0.00310481,0.00045531,0.668787,0.0,0.0,0.0,0.0,0
22798466,0.0103083,0.0367662,-0.0159292,0.743728,0.00271965,0.00125014,0.668482,0.0,0.0,0.0,0.0,0
22847477,0.0104666,0.0393732,-0.0143193,0.743969,0.00229547,0.00209552,0.668214,0.0,0.0,0.0,0.0,0
22900497,0.010525,0.0418785,-0.0137554,0.74419,0.0018323,0.00298839,0.667966,0.0,0.0,0.0,0.0,0
22954483,0.0104708,0.044478,-0.0141837,0.744426,0.00128626,0.00400528,0.667698,0.0,0.0,0.0,0.0,0
23007527,0.0103297,0.0467781,-0.0152546,0.744655,0.000741117,0.00498621,0.667437,0.0,0.0,0.0,0.0,0
23062479,0.0101139,0.0491729,-0.0167442,0.744925,0.000106109,0.00609132,0.667127,0.0,0.0,0.0,0.0,0
23110479,0.00989504,0.0513039,-0.0180639,0.745195,-0.000520452,0.00714838,0.666815,0.0,0.0,0.0,0.0,0
23165499,0.00967682,0.0535356,-0.019112,0.745507,-0.00124164,0.00833197,0.666452,0.0,0.0,0.0,0.0,0
23217477,0.00952021,0.0555301,-0.0195523,0.745805,-0.00194472,0.00945926,0.666101,0.0,0.0,0.0,0.0,0
23267480,0.00942117,0.0574642,-0.0194398,0.746104,-0.00268163,0.0106196,0.665746,0.0,0.0,0.0,0.0,0
23324518,0.00937792,0.0593357,-0.0188856,0.746397,-0.00345021,0.011813,0.665394,0.0,0.0,0.0,0.0,0
23377476,0.00938876,0.0611444,-0.0179158,0.746674,-0.00424831,0.0130391,0.665055,0.0,0.0,0.0,0.0,0
23423620,0.00943161,0.0627435,-0.016871,0.746912,-0.00500411,0.0141915,0.664759,0.0,0.0,0.0,0.0,0
23482717,0.00950434,0.064689,-0.0155828,0.74719,-0.00599744,0.0156966,0.664405,0.0,0.0,0.0,0.0,0
23534225,0.00956489,0.0662732,-0.0146342,0.747407,-0.00687537,0.0170196,0.66412,0.0,0.0,0.0,0.0,0
23585560,0.00960757,0.067778,-0.0139851,0.747608,-0.00777665,0.0183713,0.663848,0.0,0.0,0.0,0.0,0
23639524,0.00961953,0.069314,-0.0136343,0.747814,-0.00877854,0.0198658,0.66356,0.0,0.0,0.0,0.0,0
23689474,0.00960744,0.0705416,-0.0135269,0.747982,-0.00964636,0.0211532,0.663318,0.0,0.0,0.0,0.0,0
23744479,0.00957407,0.0718074,-0.013596,0.748163,-0.0106133,0.0225796,0.663053,0.0,0.0,0.0,0.0,0
23793477,0.0095283,0.0729003,-0.0137795,0.748328,-0.0115176,0.0239059,0.662805,0.0,0.0,0.0,0.0,0
23846466,0.00947219,0.0740223,-0.013983,0.748508,-0.0125228,0.0253718,0.662529,0.0,0.0,0.0,0.0,0
23901502,0.00941778,0.0751604,-0.0140898,0.748702,-0.0136325,0.0269809,0.662224,0.0,0.0,0.0,0.0,0
23953466,0.00938055,0.0761411,-0.014058,0.748879,-0.0146745,0.0284843,0.661939,0.0,0.0,0.0,0.0,0
24003557,0.0093559,0.0770539,-0.0139273,0.749051,-0.015732,0.0300042,0.661652,0.0,0.0,0.0,0.0,0
24057477,0.0093526,0.077903,-0.0135989,0.749217,-0.0168036,0.0315398,0.661367,0.0,0.0,0.0,0.0,0
24106658,0.00936287,0.0786238,-0.0132308,0.74936,-0.0177971,0.0329605,0.661109,0.0,0.0,0.0,0.0,0
24163481,0.00938302,0.0792314,-0.0128267,0.749483,-0.0187084,0.0342622,0.660878,0.0,0.0,0.0,0.0,0
24216500,0.00940837,0.0798453,-0.0124205,0.74961,-0.0197191,0.0357046,0.660629,0.0,0.0,0.0,0.0,0
24268445,0.00944094,0.0804514,-0.0119645,0.749738,-0.0208305,0.0372897,0.660362,0.0,0.0,0.0,0.0,0
24318480,0.0094732,0.080991,-0.0115639,0.749856,-0.0219499,0.0388858,0.6601,0.0,0.0,0.0,0.0,0
24374492,0.00950595,0.0815008,-0.0111906,0.749973,-0.0231705,0.0406258,0.65982,0.0,0.0,0.0,0.0,0
24426493,0.00953039,0.081902,-0.0109366,0.750072,-0.0243036,0.0422406,0.659565,0.0,0.0,0.0,0.0,0
24479493,0.0095499,0.0822621,-0.0107451,0.750172,-0.0255368,0.0439979,0.65929,0.0,0.0,0.0,0.0,0
24532744,0.00956312,0.0825467,-0.0106373,0.750266,-0.0267751,0.0457617,0.659014,0.0,0.0,0.0,0.0,0
24579478,0.00957134,0.0827148,-0.0105429,0.750334,-0.0277302,0.0471219,0.658801,0.0,0.0,0.0,0.0,0
24598477,0.00957511,0.0827704,-0.010504,0.75036,-0.0281128,0.0476666,0.658716,0.0,0.0,0.0,0.0,0
24702480,0.00957568,0.0827835,-0.0105217,0.750367,-0.0282084,0.0478028,0.658694,0.0,0.0,0.0,0.0,0
24750498,0.00958058,0.082878,-0.010467,0.750424,-0.0290702,0.0490297,0.658501,0.0,0.0,0.0,0.0,0
24805478,0.00958968,0.0829408,-0.0104117,0.750479,-0.0299326,0.0502577,0.658308,0.0,0.0,0.0,0.0,0
24859557,0.00960993,0.0829731,-0.0101696,0.750547,-0.0310828,0.0518961,0.65805,0.0,0.0,0.0,0.0,0
24913477,0.00963465,0.0829579,-0.0099548,0.750598,-0.0320408,0.0532618,0.657836,0.0,0.0,0.0,0.0,0
24963487,0.00967213,0.0828874,-0.00965525,0.750653,-0.0331887,0.0549005,0.657582,0.0,0.0,0.0,0.0,0
25019061,0.00971898,0.0827464,-0.00930341,0.750704,-0.0344291,0.0566744,0.657309,0.0,0.0,0.0,0.0,0
25068590,0.00976332,0.082576,-0.00898088,0.750739,-0.0354751,0.0581736,0.657082,0.0,0.0,0.0,0.0,0
25122612,0.00981438,0.0823374,-0.00864911,0.75077,-0.0366116,0.0598063,0.656838,0.0,0.0,0.0,0.0,0
25175497,0.00986112,0.0820418,-0.0084271,0.750794,-0.0377425,0.0614349,0.656596,0.0,0.0,0.0,0.0,0
25227477,0.00990877,0.0816916,-0.00814381,0.750811,-0.0388669,0.0630585,0.656357,0.0,0.0,0.0,0.0,0
25280477,0.009954,0.0813255,-0.00791028,0.750821,-0.0398913,0.0645416,0.65614,0.0,0.0,0.0,0.0,0
25333521,0.010003,0.0808755,-0.00768186,0.750827,-0.041001,0.066153,0.655905,0.0,0.0,0.0,0.0,0
25384197,0.0100474,0.0804171,-0.00749069,0.750827,-0.0420105,0.0676232,0.655691,0.0,0.0,0.0,0.0,0
25438477,0.0100962,0.0798189,-0.00732398,0.750822,-0.0431932,0.0693512,0.655439,0.0,0.0,0.0,0.0,0
25491477,0.020758,0.0792523,-0.00764442,0.750816,-0.0442378,0.0709679,0.655204,0.0,0.0,0.0,0.0,0
25544215,0.0168583,0.0790424,-0.00857384,0.750832,-0.0450949,0.0727356,0.654932,0.0,0.0,0.0,0.0,0
25593483,0.0111348,0.078278,-0.00808054,0.75084,-0.0461041,0.0743577,0.65467,0.0,0.0,0.0,0.0,0
25645312,0.0102263,0.0771853,-0.00710814,0.750832,-0.0471493,0.0759165,0.654426,0.0,0.0,0.0,0.0,0
25699483,0.0102634,0.076283,-0.00602886,0.750806,-0.0481827,0.0774524,0.6542,0.0,0.0,0.0,0.0,0
25752556,0.0104211,0.0755667,-0.00508197,0.750768,-0.0491146,0.0788497,0.654009,0.0,0.0,0.0,0.0,0
25805496,0.0105872,0.0747495,-0.00422793,0.75071,-0.0501145,0.0803639,0.653815,0.0,0.0,0.0,0.0,0
25857479,0.0107205,0.0738514,-0.00366332,0.75064,-0.0510967,0.0818656,0.653633,0.0,0.0,0.0,0.0,0
25908333,0.0108259,0.0728108,-0.00338398,0.750556,-0.0521409,0.0834759,0.653443,0.0,0.0,0.0,0.0,0
25959497,0.0108896,0.0718033,-0.00340308,0.750477,-0.0530867,0.0849451,0.653269,0.0,0.0,0.0,0.0,0
26012074,0.010933,0.0707546,-0.00354209,0.750398,-0.0540154,0.0863963,0.653092,0.0,0.0,0.0,0.0,0
26066520,0.0109649,0.0696654,-0.00373342,0.750323,-0.0549269,0.0878284,0.652912,0.0,0.0,0.0,0.0,0
26119501,0.0109967,0.0684422,-0.00392363,0.750244,-0.0558945,0.0893573,0.652713,0.0,0.0,0.0,0.0,0
26173631,0.0110373,0.0671779,-0.00394815,0.750168,-0.0568403,0.0908621,0.652511,0.0,0.0,0.0,0.0,0
26224504,0.0110896,0.0659787,-0.00384364,0.750098,-0.0576931,0.0922295,0.652324,0.0,0.0,0.0,0.0,0
26277498,0.0111639,0.0646441,-0.00355021,0.75002,-0.0585937,0.0936872,0.652126,0.0,0.0,0.0,0.0,0
26330480,0.0112604,0.0632764,-0.00308208,0.749937,-0.0594686,0.0951203,0.651935,0.0,0.0,0.0,0.0,0
26382479,0.0113635,0.0619832,-0.00257574,0.749854,-0.0602524,0.0964213,0.651768,0.0,0.0,0.0,0.0,0
26436466,0.0114796,0.0605469,-0.00209414,0.749757,-0.0610747,0.0978066,0.651596,0.0,0.0,0.0,0.0,0
26486469,0.0115892,0.0591881,-0.00158054,0.749661,-0.0618087,0.0990623,0.651448,0.0,0.0,0.0,0.0,0
26540469,0.0117093,0.0576854,-0.00108865,0.749551,-0.0625759,0.100397,0.651296,0.0,0.0,0.0,0.0,0
26589536,0.0117885,0.0566246,-0.000830612,0.749472,-0.0630899,0.101306,0.651197,0.0,0.0,0.0,0.0,0
26644359,0.0118792,0.0553045,-0.000564196,0.749373,-0.063699,0.102398,0.651081,0.0,0.0,0.0,0.0,0
26697968,0.0119727,0.0538377,-0.000300294,0.749263,-0.0643393,0.103566,0.65096,0.0,0.0,0.0,0.0,0
26750497,0.0120625,0.0523459,-8.53261e-05,0.749152,-0.0649542,0.10471,0.650844,0.0,0.0,0.0,0.0,0
26803893,0.0121552,0.0507016,8.81836e-05,0.749031,-0.0655913,0.105919,0.650723,0.0,0.0,0.0,0.0,0
26854503,0.0122373,0.049158,0.000254229,0.74892,-0.0661525,0.107008,0.650616,0.0,0.0,0.0,0.0,0
26903201,0.0123238,0.0475948,0.00047808,0.748809,-0.0666873,0.108071,0.650513,0.0,0.0,0.0,0.0,0
26960516,0.004007,0.0458227,0.00130458,0.748681,-0.0672861,0.109149,0.650419,0.0,0.0,0.0,0.0,0
27013524,-0.102449,0.0427779,0.0109,0.748414,-0.0688059,0.109236,0.650552,0.0,0.0,0.0,0.0,0
27065478,-0.244718,0.0362575,0.0320781,0.747738,-0.0722525,0.10749,0.651246,0.0,0.0,0.0,0.0,0
27111479,-0.316204,0.0279144,0.056916,0.74658,-0.0772089,0.104088,0.652558,0.0,0.0,0.0,0.0,0
27166094,-0.35692,0.0211366,0.0793992,0.744796,-0.0835162,0.0993218,0.654559,0.0,0.0,0.0,0.0,0
27221481,-0.298007,0.0184642,0.0849188,0.742897,-0.0892118,0.0948737,0.656622,0.0,0.0,0.0,0.0,0
27276466,-0.170846,0.020612,0.0656522,0.741054,-0.0938689,0.0913721,0.65855,0.0,0.0,0.0,0.0,0
27328322,-0.0555015,0.0257493,0.0211099,0.740009,-0.0961444,0.090093,0.659573,0.0,0.0,0.0,0.0,0
27378475,-0.00186333,0.028847,-0.028299,0.739916,-0.0969739,0.0901536,0.659546,0.0,0.0,0.0,0.0,0
27429295,0.00825418,0.0287664,-0.0731154,0.740586,-0.0974162,0.0905899,0.65867,0.0,0.0,0.0,0.0,0
27484484,0.00559453,0.026327,-0.107944,0.741972,-0.0979202,0.0909882,0.656978,0.0,0.0,0.0,0.0,0
27536506,0.00204074,0.023551,-0.124253,0.743768,-0.0985012,0.0912192,0.654825,0.0,0.0,0.0,0.0,0
27588627,0.000358117,0.0214232,-0.122351,0.745679,-0.0991083,0.0913429,0.652539,0.0,0.0,0.0,0.0,0
27638530,0.00060338,0.0200169,-0.107475,0.747307,-0.0996344,0.0914339,0.65058,0.0,0.0,0.0,0.0,0
27694801,0.00260743,0.0187383,-0.0794001,0.748872,-0.100161,0.0915878,0.648675,0.0,0.0,0.0,0.0,0
27748508,0.00545848,0.0177338,-0.0495636,0.749864,-0.100521,0.091818,0.647439,0.0,0.0,0.0,0.0,0
27801498,0.00861116,0.0167582,-0.0216254,0.750408,-0.100745,0.0921486,0.646727,0.0,0.0,0.0,0.0,0
27853554,0.0114986,0.0156765,0.000136869,0.750567,-0.100842,0.09257,0.646467,0.0,0.0,0.0,0.0,0
27904485,0.0137034,0.0143751,0.0132807,0.750457,-0.100835,0.0930538,0.646527,0.0,0.0,0.0,0.0,0
27955466,0.0149277,0.0129427,0.0171819,0.750238,-0.100762,0.0935193,0.646726,0.0,0.0,0.0,0.0,0
28006524,0.0153408,0.0114443,0.014535,0.750032,-0.100662,0.0939329,0.646919,0.0,0.0,0.0,0.0,0
28059479,0.0150882,0.00961639,0.00615069,0.749886,-0.100538,0.0943503,0.647047,0.0,0.0,0.0,0.0,0
28113506,0.0140511,0.00729713,-0.00834951,0.749908,-0.100397,0.0947632,0.646984,0.0,0.0,0.0,0.0,0
28167521,0.0125545,0.00491621,-0.0243457,0.750192,-0.100279,0.095068,0.646628,0.0,0.0,0.0,0.0,0
28217499,0.0110885,0.00275138,-0.0376768,0.750687,-0.100196,0.0952491,0.646039,0.0,0.0,0.0,0.0,0
28270495,0.00980404,0.000675786,-0.0476411,0.751368,-0.100132,0.0953414,0.645243,0.0,0.0,0.0,0.0,0
28326604,0.00882975,-0.00143028,-0.0535103,0.752245,-0.100071,0.0953592,0.644228,0.0,0.0,0.0,0.0,0
28377496,0.00841105,-0.00323098,-0.0542558,0.753108,-0.100005,0.0953209,0.643235,0.0,0.0,0.0,0.0,0
28431493,0.00847612,-0.00503639,-0.0507611,0.754025,-0.0999033,0.0952438,0.642187,0.0,0.0,0.0,0.0,0
28482712,0.00893304,-0.00659418,-0.0447938,0.754801,-0.099768,0.0951574,0.641308,0.0,0.0,0.0,0.0,0
28534199,0.00970923,-0.00820427,-0.0369926,0.75553,-0.0995655,0.0950609,0.640495,0.0,0.0,0.0,0.0,0
28583785,0.0105308,-0.00965884,-0.0299983,0.756092,-0.0993231,0.0949745,0.639881,0.0,0.0,0.0,0.0,0
28640477,0.0113143,-0.0111189,-0.0242451,0.75656,-0.0990288,0.0948895,0.639387,0.0,0.0,0.0,0.0,0
28691469,0.0119514,-0.0126087,-0.0204862,0.756957,-0.0986877,0.0948004,0.638982,0.0,0.0,0.0,0.0,0
28746496,0.0123823,-0.0141383,-0.0188805,0.757316,-0.0983071,0.0946989,0.638631,0.0,0.0,0.0,0.0,0
28793505,0.0125632,-0.0154446,-0.0191792,0.75761,-0.0979658,0.0945981,0.638349,0.0,0.0,0.0,0.0,0
28846478,0.0125904,-0.0167746,-0.0206634,0.757917,-0.0976076,0.094477,0.638058,0.0,0.0,0.0,0.0,0
28902478,0.0124845,-0.0181185,-0.0231101,0.758251,-0.0972366,0.0943314,0.637739,0.0,0.0,0.0,0.0,0
28953563,0.0122364,-0.0197327,-0.0265536,0.7587,-0.0967785,0.0941201,0.637306,0.0,0.0,0.0,0.0,0
29004526,0.0119501,-0.0211938,-0.0297781,0.759161,-0.0963484,0.0938896,0.636856,0.0,0.0,0.0,0.0,0
29059484,0.0116565,-0.0226247,-0.0327012,0.759667,-0.0959092,0.0936243,0.636358,0.0,0.0,0.0,0.0,0
29109367,0.0113825,-0.0241404,-0.0349964,0.760262,-0.0954188,0.0932971,0.635768,0.0,0.0,0.0,0.0,0
29164483,0.0112002,-0.025594,-0.0362496,0.760887,-0.094914,0.092935,0.635149,0.0,0.0,0.0,0.0,0
29217608,0.0111264,-0.0269846,-0.0364631,0.761526,-0.0943916,0.0925429,0.634518,0.0,0.0,0.0,0.0,0
29269540,0.0111566,-0.0282047,-0.0358227,0.762111,-0.0938943,0.0921615,0.633945,0.0,0.0,0.0,0.0,0
29322507,0.0112805,-0.0294808,-0.0344774,0.762736,-0.0933291,0.0917259,0.63334,0.0,0.0,0.0,0.0,0
29375477,0.0114532,-0.030607,-0.0329369,0.76329,-0.0927888,0.0913113,0.632811,0.0,0.0,0.0,0.0,0
29425482,0.0116762,-0.0317961,-0.0311582,0.763871,-0.0921743,0.0908445,0.632267,0.0,0.0,0.0,0.0,0
29481552,0.0119041,-0.0329501,-0.0295767,0.764429,-0.091534,0.0903633,0.631755,0.0,0.0,0.0,0.0,0
29530501,0.0120911,-0.0339832,-0.0285005,0.764923,-0.0909255,0.0899093,0.631309,0.0,0.0,0.0,0.0,0
29584532,0.0122525,-0.0350873,-0.027774,0.765449,-0.0902402,0.0893991,0.630842,0.0,0.0,0.0,0.0,0
29636465,0.0123533,-0.0360776,-0.0275652,0.765927,-0.0895941,0.0889164,0.630422,0.0,0.0,0.0,0.0,0
29690622,0.0124076,-0.0371342,-0.0278065,0.766449,-0.0888722,0.0883721,0.629966,0.0,0.0,0.0,0.0,0
29741499,0.0124132,-0.038077,-0.0283377,0.766935,-0.0881967,0.0878559,0.629542,0.0,0.0,0.0,0.0,0
29796478,0.012384,-0.0390728,-0.0290839,0.767475,-0.0874466,0.0872732,0.629069,0.0,0.0,0.0,0.0,0
29846477,0.0123471,-0.0397938,-0.0296901,0.767888,-0.0868757,0.0868228,0.628706,0.0,0.0,0.0,0.0,0
29898684,0.0122948,-0.0406419,-0.0303897,0.768403,-0.086169,0.086257,0.628252,0.0,0.0,0.0,0.0,0
29950479,0.0122435,-0.0414514,-0.0309859,0.768928,-0.0854529,0.0856751,0.627787,0.0,0.0,0.0,0.0,0
30004476,0.0122008,-0.042353,-0.0314117,0.769557,-0.0845945,0.084968,0.627228,0.0,0.0,0.0,0.0,0
30055478,0.0121858,-0.0430675,-0.0315378,0.770093,-0.0838579,0.084355,0.626752,0.0,0.0,0.0,0.0,0
30110478,0.0121958,-0.0438545,-0.0314243,0.770728,-0.0829751,0.0836151,0.626188,0.0,0.0,0.0,0.0,0
30162480,0.012226,-0.0444725,-0.0311473,0.771262,-0.0822176,0.0829777,0.625715,0.0,0.0,0.0,0.0,0
30215469,0.0122816,-0.0451478,-0.0306809,0.771887,-0.0813099,0.0822126,0.625163,0.0,0.0,0.0,0.0,0
30268479,0.0123373,-0.0456748,-0.0302593,0.77241,-0.0805318,0.0815564,0.624704,0.0,0.0,0.0,0.0,0
30317638,0.0123975,-0.0461616,-0.029818,0.772927,-0.0797447,0.0808931,0.624251,0.0,0.0,0.0,0.0,0
30373481,0.0124657,-0.0466865,-0.0293688,0.77353,-0.0788039,0.0801007,0.623726,0.0,0.0,0.0,0.0,0
30426477,0.0125191,-0.0471247,-0.029064,0.774081,-0.0779261,0.0793618,0.623248,0.0,0.0,0.0,0.0,0
30478496,0.0125583,-0.0475191,-0.0289085,0.774627,-0.0770407,0.0786162,0.622773,0.0,0.0,0.0,0.0,0
30530478,0.0125823,-0.0478705,-0.0288358,0.775171,-0.0761487,0.0778642,0.622301,0.0,0.0,0.0,0.0,0
30578484,0.0125932,-0.0481525,-0.0288508,0.775668,-0.0753261,0.0771695,0.621867,0.0,0.0,0.0,0.0,0
30634481,0.012594,-0.0484362,-0.0289352,0.776256,-0.0743493,0.0763426,0.621353,0.0,0.0,0.0,0.0,0
30683494,0.0125882,-0.0486176,-0.0290223,0.776708,-0.073595,0.0757027,0.620956,0.0,0.0,0.0,0.0,0
30739499,0.0125753,-0.0488045,-0.0291565,0.777297,-0.0726117,0.0748665,0.620436,0.0,0.0,0.0,0.0,0
30790641,0.0125612,-0.0489204,-0.0292362,0.777795,-0.0717778,0.0741558,0.619994,0.0,0.0,0.0,0.0,0
30841477,0.0125518,-0.0489894,-0.0292386,0.778248,-0.0710188,0.073508,0.61959,0.0,0.0,0.0,0.0,0
30896478,0.0125438,-0.0490245,-0.0292477,0.7787,-0.0702591,0.072859,0.619186,0.0,0.0,0.0,0.0,0
30950530,0.0125385,-0.0490228,-0.029176,0.77924,-0.0693472,0.0720798,0.6187,0.0,0.0,0.0,0.0,0
31001483,0.0125414,-0.0489723,-0.0289807,0.779777,-0.0684353,0.071301,0.618215,0.0,0.0,0.0,0.0,0
31054603,0.0125512,-0.0488631,-0.0287473,0.780353,-0.067448,0.0704593,0.617693,0.0,0.0,0.0,0.0,0
31105479,0.0125646,-0.0487142,-0.028483,0.78088,-0.0665378,0.0696851,0.617214,0.0,0.0,0.0,0.0,0
31160477,0.0125804,-0.0485022,-0.0282022,0.781444,-0.0655536,0.0688506,0.616699,0.0,0.0,0.0,0.0,0
31212479,0.0125891,-0.0482625,-0.0280475,0.781959,-0.0646476,0.0680849,0.616226,0.0,0.0,0.0,0.0,0
31263561,0.0125945,-0.0479816,-0.0278274,0.78247,-0.063745,0.0673243,0.615755,0.0,0.0,0.0,0.0,0
31317482,0.0125985,-0.0476274,-0.0276269,0.783017,-0.0627716,0.066507,0.615248,0.0,0.0,0.0,0.0,0
31367482,0.0125981,-0.0472899,-0.0274895,0.783477,-0.0619522,0.0658216,0.614819,0.0,0.0,0.0,0.0,0
31421466,0.012594,-0.0469542,-0.0273876,0.783891,-0.0612113,0.0652038,0.614431,0.0,0.0,0.0,0.0,0
31474483,0.0125868,-0.0466668,-0.027345,0.784221,-0.0606215,0.0647133,0.61412,0.0,0.0,0.0,0.0,0
31527555,0.0125724,-0.0462036,-0.0272711,0.784714,-0.0597424,0.0639846,0.613653,0.0,0.0,0.0,0.0,0
31577505,0.0125579,-0.0457,-0.0271684,0.785203,-0.0588704,0.0632647,0.613187,0.0,0.0,0.0,0.0,0
31632477,0.0125416,-0.0451109,-0.0270496,0.785728,-0.0579344,0.0624957,0.612681,0.0,0.0,0.0,0.0,0
31686477,0.0125263,-0.0445287,-0.0269268,0.786209,-0.057079,0.0617967,0.612215,0.0,0.0,0.0,0.0,0
31734501,0.0125125,-0.0439633,-0.0268001,0.786646,-0.0563026,0.0611658,0.611789,0.0,0.0,0.0,0.0,0
31789491,0.0124968,-0.0432568,-0.0266322,0.787158,-0.0553951,0.0604329,0.611286,0.0,0.0,0.0,0.0,0
31842477,0.0124809,-0.0425699,-0.0264849,0.787627,-0.0545677,0.0597695,0.610822,0.0,0.0,0.0,0.0,0
31893474,0.0124676,-0.0418489,-0.0262928,0.78809,-0.0537504,0.0591192,0.61036,0.0,0.0,0.0,0.0,0
31943492,0.0124554,-0.0410955,-0.0260914,0.788548,-0.0529438,0.0584829,0.6099,0.0,0.0,0.0,0.0,0
32001481,0.0124431,-0.0403118,-0.0258868,0.789001,-0.0521483,0.057861,0.609442,0.0,0.0,0.0,0.0,0
32051483,0.0124291,-0.0394987,-0.0257426,0.789449,-0.0513644,0.0572543,0.608985,0.0,0.0,0.0,0.0,0
32105493,0.012412,-0.0386604,-0.0255325,0.789892,-0.0505926,0.056663,0.60853,0.0,0.0,0.0,0.0,0
32158479,0.0123986,-0.0379392,-0.025388,0.790258,-0.0499588,0.0561826,0.608153,0.0,0.0,0.0,0.0,0
32211475,0.0123845,-0.0372006,-0.0252128,0.79062,-0.0493339,0.0557136,0.607776,0.0,0.0,0.0,0.0,0
32260500,0.0123683,-0.0362906,-0.0250071,0.79105,-0.0485961,0.0551664,0.607326,0.0,0.0,0.0,0.0,0
32312477,0.0123511,-0.0353569,-0.0248381,0.791474,-0.0478716,0.0546366,0.606878,0.0,0.0,0.0,0.0,0
32366482,0.0123312,-0.0344029,-0.024641,0.791894,-0.0471609,0.0541245,0.606431,0.0,0.0,0.0,0.0,0
32419484,0.0123118,-0.0334267,-0.024448,0.792309,-0.0464644,0.0536307,0.605987,0.0,0.0,0.0,0.0,0
32472480,0.0122899,-0.0324313,-0.0242842,0.792719,-0.0457823,0.0531554,0.605544,0.0,0.0,0.0,0.0,0
32526481,0.0122671,-0.0314175,-0.0241158,0.793125,-0.0451149,0.052699,0.605102,0.0,0.0,0.0,0.0,0
32577478,0.0122468,-0.0304722,-0.0239588,0.793493,-0.0445164,0.0522976,0.604699,0.0,0.0,0.0,0.0,0
32630585,0.0122231,-0.0293379,-0.023729,0.793922,-0.0438254,0.0518444,0.604225,0.0,0.0,0.0,0.0,0
32677536,0.0122063,-0.0284526,-0.0235497,0.794249,-0.0433063,0.0515118,0.603862,0.0,0.0,0.0,0.0,0
32731495,0.0121846,-0.0273784,-0.0233598,0.794636,-0.0426975,0.0511311,0.603428,0.0,0.0,0.0,0.0,0
32786494,0.0121645,-0.0262911,-0.0231377,0.795018,-0.0421046,0.0507709,0.602997,0.0,0.0,0.0,0.0,0
32840480,0.0121449,-0.0251922,-0.0229176,0.795394,-0.0415275,0.0504315,0.602569,0.0,0.0,0.0,0.0,0
32892477,0.012125,-0.0240834,-0.0227018,0.795766,-0.0409664,0.050113,0.602143,0.0,0.0,0.0,0.0,0
32942487,0.0121041,-0.0230605,-0.0225334,0.796103,-0.0404664,0.0498396,0.601754,0.0,0.0,0.0,0.0,0
32996567,0.0120802,-0.0220317,-0.0224202,0.796436,-0.0399801,0.049584,0.601367,0.0,0.0,0.0,0.0,0
33048475,0.0120568,-0.0209029,-0.0221846,0.796795,-0.0394654,0.0493255,0.600947,0.0,0.0,0.0,0.0,0
33099477,0.0120356,-0.0197663,-0.0219736,0.797149,-0.0389672,0.0490886,0.600529,0.0,0.0,0.0,0.0,0
33156494,0.0120147,-0.0185301,-0.0217087,0.797526,-0.0384461,0.0488563,0.60008,0.0,0.0,0.0,0.0,0
33206471,0.0119947,-0.0173863,-0.0214946,0.797869,-0.0379823,0.0486646,0.599669,0.0,0.0,0.0,0.0,0
33257481,0.0119762,-0.0162405,-0.0212537,0.798208,-0.0375351,0.0484947,0.599261,0.0,0.0,0.0,0.0,0
33309618,0.011958,-0.0150935,-0.0210211,0.798541,-0.0371044,0.0483468,0.598855,0.0,0.0,0.0,0.0,0
33364675,0.0119377,-0.0138517,-0.0207802,0.798896,-0.0366565,0.0482111,0.59842,0.0,0.0,0.0,0.0,0
33414477,0.0119181,-0.0127073,-0.0205676,0.799218,-0.0362603,0.0481087,0.598021,0.0,0.0,0.0,0.0,0
33471479,0.0118943,-0.0114715,-0.0203722,0.799563,-0.0358498,0.0480224,0.597592,0.0,0.0,0.0,0.0,0
33519476,0.0118714,-0.0103348,-0.0201902,0.799877,-0.0354881,0.0479652,0.597199,0.0,0.0,0.0,0.0,0
33574481,0.011849,-0.00910747,-0.0199532,0.800212,-0.0351148,0.0479277,0.596775,0.0,0.0,0.0,0.0,0
33626537,0.0118284,-0.00798014,-0.0197577,0.800516,-0.0347872,0.0479156,0.596387,0.0,0.0,0.0,0.0,0
33678484,0.0118101,-0.0068593,-0.0195239,0.800815,-0.0344759,0.0479249,0.596002,0.0,0.0,0.0,0.0,0
33733508,0.0117923,-0.00565274,-0.0192672,0.801134,-0.0341567,0.0479592,0.595589,0.0,0.0,0.0,0.0,0
33780464,0.0117768,-0.00454783,-0.0190305,0.801424,-0.0338786,0.048013,0.595211,0.0,0.0,0.0,0.0,0
33835476,0.0117596,-0.00336173,-0.0188064,0.801732,-0.033595,0.0480951,0.594806,0.0,0.0,0.0,0.0,0
33890476,0.0117423,-0.00218867,-0.01855,0.802034,-0.0333298,0.0482017,0.594404,0.0,0.0,0.0,0.0,0
33941498,0.0117281,-0.00111623,-0.0183155,0.802309,-0.0331011,0.0483217,0.594036,0.0,0.0,0.0,0.0,0
33994482,0.0117133,3.21509e-05,-0.0180658,0.802601,-0.0328704,0.0484749,0.593642,0.0,0.0,0.0,0.0,0
34045496,0.0116999,0.00107864,-0.0178397,0.802865,-0.0326731,0.0486374,0.593282,0.0,0.0,0.0,0.0,0
34101553,0.0116837,0.00219616,-0.0176261,0.803146,-0.032476,0.048836,0.592896,0.0,0.0,0.0,0.0,0
34153479,0.0116682,0.00321231,-0.0174233,0.803402,-0.0323094,0.0490398,0.592542,0.0,0.0,0.0,0.0,0
34203540,0.0116563,0.00421536,-0.0171858,0.803653,-0.0321572,0.049263,0.592191,0.0,0.0,0.0,0.0,0
34257482,0.0116461,0.00520336,-0.0169473,0.803899,-0.032019,0.0495055,0.591844,0.0,0.0,0.0,0.0,0
34307575,0.0116355,0.0060936,-0.0167547,0.804121,-0.0319045,0.0497444,0.591529,0.0,0.0,0.0,0.0,0
34361477,0.0116269,0.00704959,-0.0165106,0.804358,-0.0317927,0.0500229,0.591189,0.0,0.0,0.0,0.0,0
34413482,0.0116185,0.00775484,-0.0163858,0.804533,-0.0317175,0.0502438,0.590936,0.0,0.0,0.0,0.0,0
34465466,0.0116103,0.00860276,-0.0161528,0.804744,-0.0316358,0.0505275,0.590629,0.0,0.0,0.0,0.0,0
34517209,0.0116055,0.00936198,-0.0159409,0.804932,-0.0315709,0.0507984,0.590353,0.0,0.0,0.0,0.0,0
34569476,0.0115957,0.0101802,-0.0157903,0.805135,-0.0315096,0.0511104,0.590052,0.0,0.0,0.0,0.0,0
34622502,0.0115904,0.0111281,-0.0154975,0.80537,-0.0314507,0.0514978,0.5897,0.0,0.0,0.0,0.0,0
34676483,-0.0458812,0.0119686,-0.0129279,0.805574,-0.0315342,0.051781,0.589392,0.0,0.0,0.0,0.0,0
34730479,-0.201238,0.00931012,0.00540706,0.805544,-0.0340363,0.0502855,0.589424,0.0,0.0,0.0,0.0,0
34780477,-0.44764,0.00112413,0.0448348,0.804931,-0.0404298,0.0457883,0.590224,0.0,0.0,0.0,0.0,0
34833516,-0.580569,-0.0104789,0.0912832,0.803421,-0.0503917,0.0383639,0.592041,0.0,0.0,0.0,0.0,0
34885493,-0.610817,-0.0160579,0.121721,0.801309,-0.060691,0.0304486,0.594392,0.0,0.0,0.0,0.0,0
34941500,-0.61453,-0.0149818,0.131801,0.798993,-0.0702469,0.0230557,0.596786,0.0,0.0,0.0,0.0,0
34992552,-0.614288,-0.0105235,0.121868,0.79628,-0.0808028,0.0149562,0.599329,0.0,0.0,0.0,0.0,0
35045616,-0.61585,-0.00537294,0.085735,0.793218,-0.093351,0.00543195,0.601723,0.0,0.0,0.0,0.0,0
35097535,-0.620235,-0.00179413,0.0316772,0.790649,-0.10601,-0.00415897,0.603016,0.0,0.0,0.0,0.0,0
35147799,-0.625885,0.000561602,-0.0247422,0.78889,-0.117803,-0.0131708,0.603001,0.0,0.0,0.0,0.0,0
35198496,-0.632033,0.00241605,-0.0790393,0.787748,-0.129696,-0.0223844,0.601781,0.0,0.0,0.0,0.0,0
35255469,-0.638676,0.0041542,-0.131318,0.787078,-0.143671,-0.0333949,0.598966,0.0,0.0,0.0,0.0,0
35307649,-0.643197,0.00548436,-0.162316,0.786882,-0.155709,-0.0430199,0.595592,0.0,0.0,0.0,0.0,0
35361511,-0.646303,0.00695658,-0.179694,0.786828,-0.167774,-0.0527555,0.591591,0.0,0.0,0.0,0.0,0
35409908,-0.647978,0.00887074,-0.185081,0.786728,-0.179852,-0.0625272,0.587207,0.0,0.0,0.0,0.0,0
35465735,-0.648448,0.0114687,-0.181809,0.786437,-0.191933,-0.0722607,0.582637,0.0,0.0,0.0,0.0,0
35513527,-0.648105,0.0148873,-0.17408,0.785866,-0.204016,-0.0818937,0.578009,0.0,0.0,0.0,0.0,0
35570356,-0.647289,0.0199357,-0.165012,0.784813,-0.218121,-0.0929531,0.572591,0.0,0.0,0.0,0.0,0
35622492,-0.646726,0.0250754,-0.161115,0.783613,-0.230222,-0.102265,0.567891,0.0,0.0,0.0,0.0,0
35673678,-0.646638,0.0308106,-0.163106,0.782208,-0.242333,-0.111437,0.563041,0.0,0.0,0.0,0.0,0
35728481,-0.647292,0.0375037,-0.172757,0.780556,-0.255463,-0.121253,0.557474,0.0,0.0,0.0,0.0,0
35779485,-0.648629,0.043968,-0.188007,0.778999,-0.267585,-0.130247,0.551909,0.0,0.0,0.0,0.0,0
35829479,-0.62019,0.0505133,-0.210035,0.777564,-0.279478,-0.13907,0.545852,0.0,0.0,0.0,0.0,0
35886478,-0.532276,0.0591604,-0.247865,0.7766,-0.291957,-0.148473,0.538163,0.0,0.0,0.0,0.0,0
35936478,-0.418482,0.0672705,-0.289896,0.776833,-0.300739,-0.155361,0.530998,0.0,0.0,0.0,0.0,0
35990495,-0.310475,0.0759441,-0.340453,0.7786,-0.307636,-0.161291,0.522625,0.0,0.0,0.0,0.0,0
36043480,-0.140412,0.082439,-0.387897,0.781683,-0.311554,-0.165405,0.51435,0.0,0.0,0.0,0.0,0
36096649,-0.0850726,0.0892661,-0.427516,0.786599,-0.313083,-0.168382,0.504874,0.0,0.0,0.0,0.0,0
36143498,-0.0499485,0.0930215,-0.442668,0.791249,-0.313692,-0.170586,0.496419,0.0,0.0,0.0,0.0,0
36196529,-0.0341891,0.0959763,-0.438575,0.796999,-0.313754,-0.172763,0.486326,0.0,0.0,0.0,0.0,0
36252516,-0.0317106,0.0981966,-0.417887,0.801707,-0.313717,-0.174376,0.477963,0.0,0.0,0.0,0.0,0
36303530,-0.0303151,0.0997783,-0.395864,0.804934,-0.313725,-0.175393,0.472128,0.0,0.0,0.0,0.0,0
36358466,-0.0273967,0.102279,-0.35722,0.809392,-0.313823,-0.176614,0.463914,0.0,0.0,0.0,0.0,0
36411554,-0.0240705,0.104763,-0.321631,0.813068,-0.314005,-0.177385,0.457017,0.0,0.0,0.0,0.0,0
36462477,-0.0207192,0.107308,-0.291139,0.816394,-0.314266,-0.177834,0.45069,0.0,0.0,0.0,0.0,0
36515478,-0.017653,0.109956,-0.267984,0.819715,-0.314615,-0.178019,0.444301,0.0,0.0,0.0,0.0,0
36561550,-0.0158986,0.111948,-0.258227,0.822326,-0.314935,-0.178002,0.439227,0.0,0.0,0.0,0.0,0
36617479,-0.0150561,0.113554,-0.25695,0.824622,-0.315227,-0.177912,0.434727,0.0,0.0,0.0,0.0,0
36673495,-0.0149728,0.115301,-0.263796,0.82743,-0.31557,-0.177775,0.429162,0.0,0.0,0.0,0.0,0
36722496,-0.0155884,0.116601,-0.27472,0.829776,-0.315829,-0.177688,0.424452,0.0,0.0,0.0,0.0,0
36777478,-0.0171167,0.118246,-0.293588,0.833015,-0.316132,-0.177658,0.417844,0.0,0.0,0.0,0.0,0
36827478,-0.0187441,0.119618,-0.310299,0.835824,-0.316346,-0.177727,0.412003,0.0,0.0,0.0,0.0,0
36881503,-0.0207622,0.121353,-0.328248,0.839312,-0.316561,-0.177921,0.404596,0.0,0.0,0.0,0.0,0
36932477,-0.0223802,0.123085,-0.340365,0.842589,-0.316727,-0.178179,0.397478,0.0,0.0,0.0,0.0,0
36985466,-0.0280299,0.127921,-0.345809,0.84588,-0.316928,-0.178473,0.390128,0.0,0.0,0.0,0.0,0
37034497,-0.0350124,0.137273,-0.342192,0.849112,-0.317276,-0.178689,0.382654,0.0,0.0,0.0,0.0,0
37093875,-0.0371942,0.147638,-0.328475,0.852504,-0.317869,-0.178677,0.37454,0.0,0.0,0.0,0.0,0
37141494,-0.0384599,0.153758,-0.310985,0.855452,-0.318537,-0.178399,0.367314,0.0,0.0,0.0,0.0,0
37196480,-0.0399624,0.161067,-0.289325,0.858448,-0.319434,-0.177817,0.359749,0.0,0.0,0.0,0.0,0
37251496,-0.0403141,0.167632,-0.268621,0.861227,-0.320481,-0.176921,0.352545,0.0,0.0,0.0,0.0,0
37302487,-0.0430142,0.173174,-0.252018,0.863815,-0.321652,-0.17575,0.345666,0.0,0.0,0.0,0.0,0
37355496,-0.0457983,0.179261,-0.240282,0.866231,-0.322995,-0.174367,0.339005,0.0,0.0,0.0,0.0,0
37407482,-0.0452953,0.182031,-0.236292,0.868163,-0.324175,-0.173079,0.333551,0.0,0.0,0.0,0.0,0
37460480,-0.0443174,0.182622,-0.24106,0.870452,-0.325574,-0.17148,0.326984,0.0,0.0,0.0,0.0,0
37509524,-0.0438573,0.181852,-0.254207,0.872768,-0.326902,-0.169938,0.320219,0.0,0.0,0.0,0.0,0
37563508,-0.044028,0.180601,-0.27266,0.875154,-0.328135,-0.168531,0.313113,0.0,0.0,0.0,0.0,0
37618476,-0.0446376,0.179016,-0.293075,0.877623,-0.329266,-0.167301,0.305584,0.0,0.0,0.0,0.0,0
37669501,-0.0451495,0.177789,-0.306221,0.879312,-0.329964,-0.166586,0.300321,0.0,0.0,0.0,0.0,0
37717556,-0.0458139,0.175945,-0.322058,0.881675,-0.330852,-0.165735,0.292792,0.0,0.0,0.0,0.0,0
37774513,-0.0463114,0.173648,-0.335665,0.884493,-0.331808,-0.164898,0.283537,0.0,0.0,0.0,0.0,0
37828478,-0.0463402,0.171692,-0.341978,0.886864,-0.332546,-0.164294,0.275502,0.0,0.0,0.0,0.0,0
37876480,-0.0458883,0.169603,-0.343355,0.889399,-0.333291,-0.163696,0.266644,0.0,0.0,0.0,0.0,0
37933481,-0.0448457,0.167444,-0.339191,0.892049,-0.334039,-0.163067,0.257071,0.0,0.0,0.0,0.0,0
37985092,-0.0433383,0.16543,-0.330766,0.894571,-0.334738,-0.162407,0.247642,0.0,0.0,0.0,0.0,0
38037477,-0.0416896,0.163723,-0.320983,0.896775,-0.335345,-0.161741,0.239137,0.0,0.0,0.0,0.0,0
38090480,-0.0398205,0.162046,-0.310166,0.89903,-0.335967,-0.160944,0.230168,0.0,0.0,0.0,0.0,0
38140480,-0.0381886,0.160654,-0.301496,0.900998,-0.336508,-0.160139,0.222105,0.0,0.0,0.0,0.0,0
38194564,-0.0366779,0.159301,-0.294752,0.903022,-0.337055,-0.159209,0.213556,0.0,0.0,0.0,0.0,0
38247466,-0.0355417,0.158091,-0.291422,0.904955,-0.337559,-0.158244,0.205131,0.0,0.0,0.0,0.0,0
38298471,-0.0348652,0.157089,-0.291431,0.906673,-0.337983,-0.157348,0.197389,0.0,0.0,0.0,0.0,0
38349581,-0.0345197,0.156114,-0.294318,0.908476,-0.338394,-0.156398,0.188967,0.0,0.0,0.0,0.0,0
38403627,-0.0345097,0.155245,-0.299334,0.910228,-0.338756,-0.155493,0.180446,0.0,0.0,0.0,0.0,0
38454764,-0.034731,0.154474,-0.30538,0.911931,-0.339066,-0.154644,0.171786,0.0,0.0,0.0,0.0,0
38507528,-0.0349567,0.153998,-0.30958,0.91308,-0.339253,-0.154092,0.165701,0.0,0.0,0.0,0.0,0
38557687,-0.0351963,0.153566,-0.313405,0.914203,-0.339418,-0.153567,0.159544,0.0,0.0,0.0,0.0,0
38611832,-0.0354566,0.1531,-0.317177,0.915536,-0.339592,-0.152956,0.151936,0.0,0.0,0.0,0.0,0
38667555,-0.0356523,0.152637,-0.319926,0.91705,-0.339761,-0.152264,0.142854,0.0,0.0,0.0,0.0,0
38721531,-0.0356806,0.152296,-0.320618,0.918381,-0.339885,-0.151637,0.134423,0.0,0.0,0.0,0.0,0
38769498,-0.0355634,0.152058,-0.319741,0.919541,-0.339976,-0.151059,0.12669,0.0,0.0,0.0,0.0,0
38825507,-0.0352579,0.15187,-0.317129,0.920835,-0.340058,-0.150353,0.117584,0.0,0.0,0.0,0.0,0
38878518,-0.034846,0.151785,-0.313634,0.921955,-0.340111,-0.149667,0.10924,0.0,0.0,0.0,0.0,0
38930466,-0.0343966,0.151781,-0.309944,0.922918,-0.340141,-0.149001,0.101659,0.0,0.0,0.0,0.0,0
38978478,-0.033874,0.151853,-0.305849,0.923902,-0.340155,-0.148232,0.0934708,0.0,0.0,0.0,0.0,0
39035469,-0.0333242,0.152014,-0.301818,0.924892,-0.340147,-0.147346,0.0846931,0.0,0.0,0.0,0.0,0
39087466,-0.0328753,0.152234,-0.298814,0.92574,-0.340117,-0.146484,0.076664,0.0,0.0,0.0,0.0,0
39138288,-0.0325119,0.152513,-0.296686,0.926526,-0.340066,-0.145585,0.0686874,0.0,0.0,0.0,0.0,0
39188480,-0.0304049,-0.184799,-0.295699,0.92692,-0.339862,-0.146526,0.0620631,0.0,0.0,0.0,0.0,0
39246478,-0.0323036,-0.78097,-0.295651,0.925205,-0.338703,-0.160629,0.0590133,0.0,0.0,0.0,0.0,0
39295478,-0.0297985,-0.866279,-0.296318,0.922233,-0.337155,-0.179808,0.0590782,0.0,0.0,0.0,0.0,0
39347478,-0.0243761,-0.615138,-0.297313,0.918959,-0.335324,-0.199128,0.0585653,0.0,0.0,0.0,0.0,0
39402480,-0.0207047,-0.439142,-0.297985,0.916633,-0.33363,-0.212938,0.0560494,0.0,0.0,0.0,0.0,0
39453472,-0.0200554,-0.435213,-0.298164,0.914611,-0.331949,-0.224759,0.0528136,0.0,0.0,0.0,0.0,0
39505528,-0.02051,-0.473191,-0.29769,0.912303,-0.330184,-0.237094,0.0497714,0.0,0.0,0.0,0.0,0
39559508,-0.0206886,-0.485799,-0.296212,0.909441,-0.328183,-0.251073,0.0467275,0.0,0.0,0.0,0.0,0
39610493,-0.0204563,-0.479046,-0.293853,0.906614,-0.326282,-0.263945,0.0439618,0.0,0.0,0.0,0.0,0
39665469,-0.0201032,-0.472091,-0.290565,0.90367,-0.32434,-0.276579,0.0411906,0.0,0.0,0.0,0.0,0
39712565,-0.0198291,-0.469362,-0.287559,0.90138,-0.32286,-0.285926,0.0391321,0.0,0.0,0.0,0.0,0
39769484,-0.0194793,-0.467295,-0.283379,0.898474,-0.321026,-0.297239,0.036667,0.0,0.0,0.0,0.0,0
39823527,-0.0190624,-0.464806,-0.27837,0.89517,-0.318999,-0.30945,0.0340565,0.0,0.0,0.0,0.0,0
39874501,-0.0186133,-0.461717,-0.273116,0.891734,-0.31695,-0.321508,0.0315326,0.0,0.0,0.0,0.0,0
39926182,-0.0181131,-0.458143,-0.267401,0.887873,-0.314707,-0.334387,0.0288963,0.0,0.0,0.0,0.0,0
39980477,-0.0176203,-0.454592,-0.261881,0.883873,-0.312445,-0.347074,0.0263599,0.0,0.0,0.0,0.0,0
40031642,-0.017148,-0.45105,-0.256696,0.879741,-0.310165,-0.35957,0.0239176,0.0,0.0,0.0,0.0,0
40086551,-0.0167006,-0.441058,-0.251895,0.875482,-0.307866,-0.371879,0.0215611,0.0,0.0,0.0,0.0,0
40137479,-0.0159739,-0.178908,-0.248087,0.872517,-0.305948,-0.380468,0.0190372,0.0,0.0,0.0,0.0,0
40191547,-0.015663,0.0613373,-0.244799,0.87189,-0.304308,-0.383386,0.0151089,0.0,0.0,0.0,0.0,0
40243466,-0.0168063,0.317501,-0.24071,0.873921,-0.302315,-0.380548,0.00778613,0.0,0.0,0.0,0.0,0
40292504,-0.0193411,0.292744,-0.236903,0.876429,-0.300552,-0.37623,0.000519888,0.0,0.0,0.0,0.0,0
40346495,-0.0212557,0.238343,-0.232433,0.878941,-0.298708,-0.371743,-0.00719346,0.0,0.0,0.0,0.0,0
40401477,-0.0220309,0.186385,-0.227577,0.880756,-0.296931,-0.368654,-0.0143165,0.0,0.0,0.0,0.0,0
40452962,-0.0218304,0.160898,-0.222455,0.882167,-0.295202,-0.366337,-0.0210456,0.0,0.0,0.0,0.0,0
40503540,-0.0212922,0.130851,-0.217623,0.883237,-0.293639,-0.364621,-0.0269881,0.0,0.0,0.0,0.0,0
40558477,-0.0206904,0.0271017,-0.212437,0.883674,-0.292023,-0.364391,-0.0327459,0.0,0.0,0.0,0.0,0
40609480,-0.0196781,-0.0459708,-0.207451,0.883522,-0.290475,-0.365491,-0.0379206,0.0,0.0,0.0,0.0,0
40661499,-0.0186313,-0.0931137,-0.202778,0.882275,-0.289055,-0.369152,-0.0421164,0.0,0.0,0.0,0.0,0
40712478,-0.0174041,-0.0595958,-0.198762,0.881192,-0.287738,-0.372298,-0.0459483,0.0,0.0,0.0,0.0,0
40767478,-0.0164383,0.0948126,-0.19501,0.880893,-0.286324,-0.37353,-0.0502993,0.0,0.0,0.0,0.0,0
40820479,-0.0162533,0.1845,-0.191212,0.881865,-0.284629,-0.371728,-0.0559256,0.0,0.0,0.0,0.0,0
40870493,-0.016176,0.532864,-0.187839,0.885092,-0.282708,-0.364343,-0.0628659,0.0,0.0,0.0,0.0,0
40926493,-0.0141105,0.393752,-0.184573,0.889102,-0.28049,-0.354714,-0.0707857,0.0,0.0,0.0,0.0,0
40976496,-0.0173645,0.313354,-0.182192,0.891011,-0.279116,-0.349983,-0.0755973,0.0,0.0,0.0,0.0,0
41029506,0.0286213,0.311424,-0.182596,0.89322,-0.277012,-0.344652,-0.0815253,0.0,0.0,0.0,0.0,0
41083496,0.090211,0.337566,-0.190144,0.896112,-0.273303,-0.338549,-0.087653,0.0,0.0,0.0,0.0,0
41136499,0.296522,0.344589,-0.213423,0.89982,-0.266785,-0.332374,-0.0932,0.0,0.0,0.0,0.0,0
41187495,0.694449,0.35484,-0.268405,0.904962,-0.253991,-0.327376,-0.0967761,0.0,0.0,0.0,0.0,0
41239470,1.07999,0.375918,-0.358602,0.912999,-0.228804,-0.323041,-0.0986659,0.0,0.0,0.0,0.0,0
41293478,1.12045,0.390029,-0.412343,0.921349,-0.198126,-0.318921,-0.100802,0.0,0.0,0.0,0.0,0
41346477,1.11674,0.394587,-0.402777,0.928791,-0.166773,-0.314411,-0.103391,0.0,0.0,0.0,0.0,0
41396480,1.12006,0.398933,-0.336472,0.935377,-0.135563,-0.309317,-0.105001,0.0,0.0,0.0,0.0,0
41450605,1.13079,0.404244,-0.235154,0.941291,-0.104707,-0.303508,-0.104404,0.0,0.0,0.0,0.0,0
41502575,1.14504,0.407747,-0.126444,0.946611,-0.0742658,-0.297021,-0.100995,0.0,0.0,0.0,0.0,0
41554477,1.15948,0.408409,-0.0354011,0.951288,-0.0441761,-0.290017,-0.0948577,0.0,0.0,0.0,0.0,0
41606999,1.17173,0.406606,0.0217774,0.955194,-0.0142826,-0.282673,-0.086635,0.0,0.0,0.0,0.0,0
41658487,1.17992,0.4037,0.0404747,0.957988,0.0132933,-0.275692,-0.0780049,0.0,0.0,0.0,0.0,0
41712573,1.02688,0.398245,0.0389676,0.960065,0.0425652,-0.267899,-0.0685773,0.0,0.0,0.0,0.0,0
41764484,0.711345,0.381443,0.0546748,0.961539,0.0657195,-0.259717,-0.0606596,0.0,0.0,0.0,0.0,0
41816494,0.24231,0.351757,0.119055,0.963252,0.077291,-0.251344,-0.0548384,0.0,0.0,0.0,0.0,0
41869483,0.0908352,0.328767,0.182081,0.965278,0.0811285,-0.243389,-0.0492607,0.0,0.0,0.0,0.0,0
41920496,0.0121215,0.32312,0.21552,0.967464,0.0812528,-0.235686,-0.0432695,0.0,0.0,0.0,0.0,0
41974793,0.0140966,0.323725,0.19665,0.969768,0.0805702,-0.227417,-0.0367268,0.0,0.0,0.0,0.0,0
42024498,0.0145512,0.325252,0.143797,0.971627,0.0802432,-0.220206,-0.0319563,0.0,0.0,0.0,0.0,0
42078501,0.00981251,0.325929,0.0698102,0.973517,0.0801976,-0.212211,-0.0284219,0.0,0.0,0.0,0.0,0
42132553,0.00324533,0.326089,0.00180849,0.975294,0.0804006,-0.204033,-0.0267664,0.0,0.0,0.0,0.0,0
42184482,-0.00185037,0.326015,-0.0396701,0.976847,0.0807187,-0.196358,-0.0265852,0.0,0.0,0.0,0.0,0
42236477,-0.00474737,0.325706,-0.0534096,0.978449,0.0811018,-0.187969,-0.0271566,0.0,0.0,0.0,0.0,0
42288476,-0.00449525,0.325299,-0.0365849,0.97998,0.081439,-0.179577,-0.0277103,0.0,0.0,0.0,0.0,0
42343482,-0.0025053,0.325031,-0.00906454,0.981119,0.081635,-0.173157,-0.0276822,0.0,0.0,0.0,0.0,0
42391478,0.000130235,0.324862,0.0206911,0.982119,0.0817592,-0.167421,-0.027138,0.0,0.0,0.0,0.0,0
42444479,0.00403887,0.324722,0.0591207,0.983415,0.0818589,-0.159838,-0.0255779,0.0,0.0,0.0,0.0,0
42500533,0.00766831,0.324579,0.0893536,0.984765,0.0819123,-0.151693,-0.0229593,0.0,0.0,0.0,0.0,0
42549478,0.00967052,0.324328,0.101169,0.985949,0.0819447,-0.144213,-0.0200168,0.0,0.0,0.0,0.0,0
42606478,0.0100086,0.323778,0.0951436,0.987247,0.0819948,-0.135494,-0.016472,0.0,0.0,0.0,0.0,0
42658466,0.00866785,0.322981,0.0757557,0.988366,0.082067,-0.127376,-0.0135161,0.0,0.0,0.0,0.0,0
42711498,0.00642634,0.321918,0.0513203,0.989404,0.0821599,-0.119225,-0.0111435,0.0,0.0,0.0,0.0,0
42762480,0.00426847,0.320729,0.0312965,0.990294,0.082252,-0.111673,-0.00950377,0.0,0.0,0.0,0.0,0
42815499,0.00249471,0.319254,0.0178222,0.991188,0.0823445,-0.103481,-0.0081855,0.0,0.0,0.0,0.0,0
42867466,-3.0628,1.94203,1.55121,0.995596,0.0487777,-0.0800409,0.00330911,0.0,0.0,0.0,0.0,0
42920479,-0.0399695,-0.101013,0.962925,0.999166,-5.91744e-05,0.00314591,0.0408166,0.0,0.0,0.0,0.0,0
42957617,0.0476775,-0.0693262,0.381439,0.998578,0.000555526,-0.00114552,0.0533868,0.0,0.0,0.0,0.0,0
43062183,0.0463937,-0.0455754,0.316803,0.998536,0.000657274,-0.00127931,0.0541486,0.0,0.0,0.0,0.0,0
43113475,-0.000247618,0.27404,-0.348203,0.99853,0.00113706,0.00112964,0.0542691,0.0,0.0,0.0,0.0,0
43164480,-0.050117,0.343465,-0.811777,0.999056,0.000303805,0.00758379,0.04287,0.0,0.0,0.0,0.0,0
43221600,-0.0962734,0.284736,-1.11128,0.999698,-0.0019687,0.0151332,0.0195235,0.0,0.0,0.0,0.0,0
43270482,-0.114453,0.258381,-1.11387,0.999731,-0.00508149,0.0214787,-0.00770575,0.0,0.0,0.0,0.0,0
43327477,-0.101525,0.251627,-0.84263,0.999003,-0.0084679,0.0279975,-0.03387,0.0,0.0,0.0,0.0,0
43377478,-0.0685217,0.242781,-0.445067,0.998128,-0.0108056,0.0338652,-0.0498531,0.0,0.0,0.0,0.0,0
43431477,-0.0227867,0.20358,0.0128501,0.997568,-0.0119264,0.0400341,-0.0558683,0.0,0.0,0.0,0.0,0
43484477,0.0173348,0.00315019,0.359769,0.997659,-0.0116467,0.0434809,-0.0515685,0.0,0.0,0.0,0.0,0
43537183,0.047469,-0.222358,0.582472,0.998362,-0.0104049,0.0404754,-0.0391822,0.0,0.0,0.0,0.0,0
43588879,0.0578515,-0.650793,0.626685,0.999213,-0.00890433,0.0301609,-0.0243803,0.0,0.0,0.0,0.0,0
43642466,0.0502776,-0.798905,0.533988,0.999844,-0.00754861,0.0127953,-0.0100161,0.0,0.0,0.0,0.0,0
43691511,0.0345923,-0.66466,0.36446,0.999977,-0.00661937,-0.00320856,0.000253915,0.0,0.0,0.0,0.0,0
43742466,0.0176121,-0.569235,0.13662,0.999803,-0.00598396,-0.0179717,0.00663084,0.0,0.0,0.0,0.0,0
43799493,-0.000117344,-0.556585,-0.117439,0.999401,-0.00561143,-0.0335281,0.00714118,0.0,0.0,0.0,0.0,0
43850466,-0.012818,-0.571771,-0.277697,0.998877,-0.00549643,-0.0470878,0.00249352,0.0,0.0,0.0,0.0,0
43903556,-0.0216495,-0.57374,-0.363156,0.998047,-0.00550636,-0.0620261,-0.00589251,0.0,0.0,0.0,0.0,0
43951466,-0.0242049,-0.571669,-0.360777,0.997103,-0.00558757,-0.0746355,-0.013922,0.0,0.0,0.0,0.0,0
44007561,-0.0221609,-0.5712,-0.292606,0.995838,-0.00574833,-0.0883339,-0.0218873,0.0,0.0,0.0,0.0,0
44062528,-0.0156226,-0.571422,-0.168973,0.994259,-0.00603621,-0.103139,-0.0280168,0.0,0.0,0.0,0.0,0
44113498,-0.00817746,-0.570993,-0.050302,0.992808,-0.00640153,-0.115634,-0.0304837,0.0,0.0,0.0,0.0,0
44164476,0.000123382,-0.545799,0.0677399,0.991171,-0.00693491,-0.128934,-0.0302711,0.0,0.0,0.0,0.0,0
44218477,0.00726,-0.16199,0.158767,0.989851,-0.00754814,-0.139298,-0.0272552,0.0,0.0,0.0,0.0,0
44266555,-0.0391,9.61028,-0.24452,0.996454,-0.00220128,-0.0795459,-0.0275042,0.0,0.0,0.0,0.0,0
44323493,-0.00106198,-0.582857,-0.0201884,0.999535,-0.00015891,-0.0051125,-0.0302212,0.0,0.0,0.0,0.0,0
44375483,-0.00327519,-0.297092,-0.0432591,0.999354,-0.000608747,-0.0183247,-0.0310451,0.0,0.0,0.0,0.0,0
44428537,-0.00428195,-0.108444,-0.0534278,0.999235,-0.000802814,-0.0223784,-0.0322145,0.0,0.0,0.0,0.0,0
44477736,-0.00151282,0.346529,-0.0374533,0.999235,-0.000687309,-0.0205517,-0.0334144,0.0,0.0,0.0,0.0,0
44531466,-0.00084732,-0.171478,-0.0236293,0.999261,-0.00060816,-0.0177571,-0.0342244,0.0,0.0,0.0,0.0,0
44582365,-0.000364104,-0.266486,-0.00816243,0.999165,-0.000760989,-0.0219996,-0.0345629,0.0,0.0,0.0,0.0,0
44635517,-1.04437e-06,-0.273101,-1.51464e-05,0.999012,-0.000970737,-0.0280261,-0.0346026,0.0,0.0,0.0,0.0,0
44687478,-1.09692e-06,-0.0254794,-1.97176e-05,0.998923,-0.00107519,-0.0310417,-0.0345998,0.0,0.0,0.0,0.0,0
44742330,2.52067e-07,0.124015,-2.59368e-05,0.998976,-0.00101449,-0.0292892,-0.0346018,0.0,0.0,0.0,0.0,0
44795481,2.65449e-08,0.0238696,-2.67998e-05,0.999034,-0.000943858,-0.0272498,-0.0346037,0.0,0.0,0.0,0.0,0
44848464,4.51772e-07,-0.0327876,3.62588e-05,0.999024,-0.000956425,-0.0276126,-0.0346033,0.0,0.0,0.0,0.0,0
44899483,5.22e-07,-0.000196151,3.63545e-05,0.99901,-0.000973025,-0.028092,-0.0346026,0.0,0.0,0.0,0.0,0
44944497,2.43766e-07,0.0168535,-2.34709e-05,0.999015,-0.000967341,-0.0279281,-0.0346026,0.0,0.0,0.0,0.0,0
45004504,2.51222e-07,0.0120969,3.18282e-05,0.999025,-0.000954992,-0.0275716,-0.0346029,0.0,0.0,0.0,0.0,0
45058555,2.13726e-07,0.0017735,3.12045e-05,0.999029,-0.000949504,-0.0274132,-0.034603,0.0,0.0,0.0,0.0,0
45109491,8.85733e-08,0.00255881,-2.56369e-05,0.99903,-0.000948374,-0.0273807,-0.0346029,0.0,0.0,0.0,0.0,0
45160476,3.19093e-08,0.00606307,-2.66513e-05,0.999033,-0.000944783,-0.0272771,-0.0346029,0.0,0.0,0.0,0.0,0
45214666,5.64715e-08,0.00602539,2.80328e-05,0.999037,-0.000939133,-0.027114,-0.0346031,0.0,0.0,0.0,0.0,0
45266476,5.5129e-09,0.00490535,2.70538e-05,0.999041,-0.000934645,-0.0269844,-0.0346033,0.0,0.0,0.0,0.0,0
45319546,-1.13383e-07,0.00490232,-2.91016e-05,0.999044,-0.000930366,-0.0268609,-0.0346033,0.0,0.0,0.0,0.0,0
45370653,-1.00066e-07,0.00536814,2.4956e-05,0.999048,-0.000925796,-0.0267289,-0.0346036,0.0,0.0,0.0,0.0,0
45423493,-1.91042e-07,0.0054602,-3.04799e-05,0.99905,-0.000922443,-0.0266322,-0.0346037,0.0,0.0,0.0,0.0,0
45476589,-1.73545e-07,0.00540983,2.34989e-05,0.999053,-0.000919091,-0.0265352,-0.0346039,0.0,0.0,0.0,0.0,0
45530499,-2.62609e-07,0.00536254,-3.17719e-05,0.999057,-0.000914297,-0.0263968,-0.034604,0.0,0.0,0.0,0.0,0
45581493,-2.99844e-07,0.00543297,-3.24605e-05,0.99906,-0.000909863,-0.0262688,-0.0346043,0.0,0.0,0.0,0.0,0
45637493,-3.16995e-07,0.00552561,2.05912e-05,0.999064,-0.000904985,-0.0261278,-0.0346046,0.0,0.0,0.0,0.0,0
45688495,-3.76906e-07,0.00557617,-3.39201e-05,0.999067,-0.000900044,-0.0259848,-0.0346049,0.0,0.0,0.0,0.0,0
45737145,-4.10502e-07,0.00561497,-3.4573e-05,0.999071,-0.000895434,-0.0258519,-0.0346052,0.0,0.0,0.0,0.0,0
45794476,-4.50155e-07,0.00567087,1.78257e-05,0.999075,-0.000890414,-0.0257066,-0.0346056,0.0,0.0,0.0,0.0,0
45845476,-4.90048e-07,0.00572735,1.69821e-05,0.999078,-0.000885731,-0.0255712,-0.0346059,0.0,0.0,0.0,0.0,0
45898476,-5.09508e-07,0.00578487,-3.65699e-05,0.999082,-0.000880595,-0.025423,-0.0346062,0.0,0.0,0.0,0.0,0
45948496,-5.38494e-07,0.0058369,-3.71786e-05,0.999085,-0.000875828,-0.0252848,-0.0346066,0.0,0.0,0.0,0.0,0
45998817,-5.6641e-07,0.00589006,-3.77771e-05,0.999089,-0.000870997,-0.0251454,-0.034607,0.0,0.0,0.0,0.0,0
46057464,-6.45792e-07,0.00595022,1.36106e-05,0.999093,-0.000865728,-0.0249929,-0.0346075,0.0,0.0,0.0,0.0,0
46104495,-1.67882e-07,0.00600463,-3.72386e-05,0.999096,-0.000860805,-0.0248508,-0.0346076,0.0,0.0,0.0,0.0,0
46161476,-6.52969e-07,0.00606552,1.22732e-05,0.9991,-0.000855421,-0.0246953,-0.0346079,0.0,0.0,0.0,0.0,0
46214496,5.90117e-07,0.0061264,2.04306e-05,0.999104,-0.000849979,-0.0245382,-0.034608,0.0,0.0,0.0,0.0,0
46266424,5.46685e-07,0.00618327,1.96289e-05,0.999107,-0.000844908,-0.0243918,-0.0346082,0.0,0.0,0.0,0.0,0
46318498,5.04261e-07,0.00624074,1.88397e-05,0.999111,-0.000839791,-0.0242441,-0.0346084,0.0,0.0,0.0,0.0,0
46369479,4.62825e-07,0.00629877,1.80628e-05,0.999115,-0.000834625,-0.0240949,-0.0346086,0.0,0.0,0.0,0.0,0
