timestamp,timestamp_sample,control[0],control[1],control[2],control[3],control[4],control[5],control[6],control[7]
53118323,53118258,0.0,0.0,0.0,1.0,0.5,0.0,0.0,0.0
53192537,53192472,0.0,0.0,0.0,1.0,0.5,0.0,0.0,0.0
53280555,53280490,0.0,0.0,-0.148,1.0,0.5,0.0,0.0,0.0
53337531,53337463,0.0,0.0,-0.23,1.0,0.5,0.0,0.0,0.0
53388587,53388493,0.0,0.0,-0.251,1.0,0.5,0.0,0.0,0.0
53440540,53440476,0.0,0.0,-0.251,1.0,0.5,0.0,0.0,0.0
53493561,53493492,0.0,0.0,-0.251,1.0,0.5,0.0,0.0,0.0
53547603,53547503,0.0,0.0,-0.251,1.0,0.5,0.0,0.0,0.0
53597559,53597494,0.0,0.0,-0.251,1.0,0.5,0.0,0.0,0.0
53649543,53649478,0.0,0.0,-0.261,1.0,0.5,0.0,0.0,0.0
53701563,53701498,0.0,0.0,-0.333,1.0,0.5,0.0,0.0,0.0
53757610,53757516,0.0,0.0,-0.446,1.0,0.5,0.0,0.0,0.0
53809539,53809474,0.0,0.0,-0.723,1.0,0.5,0.0,0.0,0.0
53862541,53862473,0.0,0.0,-0.928,1.0,0.5,0.0,0.0,0.0
53914538,53914473,0.0,0.0,-1.0,1.0,0.5,0.0,0.0,0.0
53967544,53967479,0.0,0.0,-1.0,1.0,0.5,0.0,0.0,0.0
54018540,54018475,0.0,0.0,-1.0,1.0,0.5,0.0,0.0,0.0
54071528,54071463,0.0,0.0,-1.0,1.0,0.5,0.0,0.0,0.0
54123619,54123524,0.0,0.0,-1.0,1.0,0.5,0.0,0.0,0.0
54173865,54173800,0.0,0.0,0.0,1.0,0.5,0.0,0.0,0.0
54227571,54227506,0.0,0.0,0.0,1.0,0.5,0.0,0.0,0.0
54279531,54279466,0.0,0.0,0.0,1.0,0.5,0.0,0.0,0.0
54332543,54332474,0.0,0.0,1.0,1.0,0.5,0.0,0.0,0.0
54384558,54384493,0.0,0.0,1.0,1.0,0.5,0.0,0.0,0.0
54436543,54436474,0.0,0.0,1.0,1.0,0.5,0.0,0.0,0.0
54492543,54492478,0.0,0.0,1.0,1.0,0.5,0.0,0.0,0.0
54544557,54544492,0.0,0.0,1.0,1.0,0.5,0.0,0.0,0.0
54595140,54595037,0.0,0.0,1.0,1.0,0.5,0.0,0.0,0.0
54649542,54649477,0.0,0.0,1.0,1.0,0.5,0.0,0.0,0.0
54701544,54701475,0.0,0.0,0.958,1.0,0.5,0.0,0.0,0.0
54753555,54753474,0.0,0.0,0.0,1.0,0.5,0.0,0.0,0.0
54807545,54807476,0.0,0.0,0.0,1.0,0.5,0.0,0.0,0.0
54859561,54859496,0.0,0.0,0.0,1.0,0.5,0.0,0.0,0.0
54911528,54911463,0.0,0.0,0.0,1.0,0.5,0.0,0.0,0.0
54963561,54963495,0.0,0.0,0.0,1.0,0.5,0.0,0.0,0.0
55015618,55015553,0.0,0.0,0.0,1.0,0.5,0.0,0.0,0.0
55067617,55067519,0.0,0.0,0.0,1.0,0.5,0.0,0.0,0.0
55122433,55122364,0.0,0.0,0.0,1.0,0.5,0.0,0.0,0.0
55172540,55172475,0.0,0.0,0.0,1.0,0.5,0.0,0.0,0.0
55224620,55224555,0.0,0.0,0.0,1.0,0.5,0.0,0.0,0.0
55276543,55276477,0.0,0.0,0.0,1.0,0.5,0.0,0.0,0.0
55332608,55332518,0.0,0.0,0.189,1.0,0.5,0.0,0.0,0.0
55382625,55382524,0.0,0.0,0.466,1.0,0.5,0.0,0.0,0.0
55435587,55435490,0.0,0.0,0.558,1.0,0.5,0.0,0.0,0.0
55488619,55488550,0.0,0.0,0.056,1.0,0.5,0.0,0.0,0.0
55541543,55541475,0.0,0.0,0.0,1.0,0.5,0.0,0.0,0.0
55594528,55594463,0.0,0.0,0.0,1.0,0.5,0.0,0.0,0.0
55647544,55647476,0.0,0.0,0.0,1.0,0.5,0.0,0.0,0.0
55699539,55699474,0.0,0.0,0.0,1.0,0.5,0.0,0.0,0.0
55751531,55751462,0.0,0.0,0.0,1.0,0.5,0.0,0.0,0.0
55803543,55803478,0.0,0.0,0.0,1.0,0.5,0.0,0.0,0.0
55856544,55856475,0.0,0.0,0.0,1.0,0.5,0.0,0.0,0.0
55908589,55908524,0.0,0.0,0.0,1.0,0.5,0.0,0.0,0.0
55960544,55960476,0.0,0.0,0.0,1.0,0.5,0.0,0.0,0.0
56011763,56011688,0.0,0.0,0.0,1.0,0.5,0.0,0.0,0.0
56064540,56064475,0.0,0.0,0.0,1.0,0.5,0.0,0.0,0.0
56117592,56117527,0.0,0.0,0.0,1.0,0.5,0.0,0.0,0.0
56169558,56169493,0.0,0.0,1.0,1.0,0.5,0.0,0.0,0.0
56224543,56224478,0.0,0.0,1.0,1.0,0.5,0.0,0.0,0.0
56276564,56276499,0.0,0.0,1.0,1.0,0.5,0.0,0.0,0.0
56328593,56328493,0.0,0.0,0.0,1.0,0.5,0.0,0.0,0.0
56381542,56381477,0.0,0.0,0.0,1.0,0.5,0.0,0.0,0.0
56433543,56433478,0.0,0.0,0.0,1.0,0.5,0.0,0.0,0.0
56487561,56487496,0.0,0.0,0.0,1.0,0.5,0.0,0.0,0.0
56534544,56534479,0.0,0.0,0.0,1.0,0.5,0.0,0.0,0.0
56590543,56590478,0.0,0.0,0.0,1.0,0.5,0.0,0.0,0.0
56642564,56642499,0.0,0.0,0.0,1.0,0.5,0.0,0.0,0.0
56694592,56694527,0.0,0.0,0.0,1.0,0.5,0.0,0.0,0.0
56747531,56747466,0.0,0.0,0.0,1.0,0.5,0.0,0.0,0.0
56799566,56799501,0.0,0.0,-0.138,1.0,0.5,0.0,0.0,0.0
56854543,56854478,0.0,0.0,-1.0,1.0,0.5,0.0,0.0,0.0
56902542,56902477,0.0,0.0,-0.876,1.0,0.5,0.0,0.0,0.0
56958793,56958728,0.0,0.0,-0.876,1.0,0.5,0.0,0.0,0.0
57011542,57011477,0.0,0.0,0.0,1.0,0.5,0.0,0.0,0.0
57060493,57060391,0.0,0.0,0.0,1.0,0.5,0.0,0.0,0.0
57116623,57116554,0.0,0.0,0.0,1.0,0.5,0.0,0.0,0.0
57166581,57166516,0.0,0.0,0.0,1.0,0.5,0.0,0.0,0.0
57218603,57218538,0.0,0.0,0.0,1.0,0.5,0.0,0.0,0.0
57272543,57272478,0.0,0.0,0.0,1.0,0.5,0.0,0.0,0.0
57324542,57324477,0.0,0.0,0.0,1.0,0.5,0.0,0.0,0.0
57376543,57376478,0.0,0.0,0.0,1.0,0.5,0.0,0.0,0.0
57432567,57432502,0.0,0.0,0.0,1.0,0.5,0.0,0.0,0.0
57480555,57480490,0.0,0.0,0.0,1.0,0.5,0.0,0.0,0.0
57536616,57536521,0.0,0.0,0.0,1.0,0.5,0.0,0.0,0.0
57589664,57589595,0.0,0.0,0.0,1.0,0.5,0.0,0.0,0.0
57641542,57641477,0.0,0.0,0.0,1.0,0.5,0.0,0.0,0.0
57693561,57693496,0.0,0.0,0.0,1.0,0.5,0.0,0.0,0.0
57745579,57745484,0.0,0.0,0.0,1.0,0.5,0.0,0.0,0.0
57798627,57798557,0.0,0.0,0.0,1.0,0.5,0.0,0.0,0.0
57849545,57849480,0.0,0.0,0.0,1.0,0.5,0.0,0.0,0.0
57902590,57902501,0.0,0.0,0.0,1.0,0.5,0.0,0.0,0.0
57954531,57954466,0.0,0.0,0.0,1.0,0.5,0.0,0.0,0.0
58006547,58006482,0.0,0.0,0.0,1.0,0.5,0.0,0.0,0.0
58059614,58059522,0.0,0.0,0.0,1.0,0.5,0.0,0.0,0.0
58110597,58110528,0.0,0.0,0.0,1.0,0.5,0.0,0.0,0.0
58167542,58167477,0.0,0.0,0.0,1.0,0.5,0.0,0.0,0.0
58219564,58219499,0.0,0.0,0.0,1.0,0.5,0.0,0.0,0.0
58271625,58271556,0.0,0.0,0.0,1.0,0.5,0.0,0.0,0.0
58323564,58323499,0.0,0.0,0.0,1.0,0.5,0.0,0.0,0.0
58376617,58376526,0.0,0.0,0.0,1.0,0.5,0.0,0.0,0.0
58428546,58428477,0.0,0.0,0.0,1.0,0.5,0.0,0.0,0.0
58480721,58480652,0.0,0.0,0.0,1.0,0.5,0.0,0.0,0.0
58532543,58532478,0.0,0.0,0.0,1.0,0.5,0.0,0.0,0.0
58585544,58585479,0.0,0.0,0.0,1.0,0.5,0.0,0.0,0.0
58636585,58636485,0.0,0.0,0.0,1.0,0.5,0.0,0.0,0.0
58689624,58689559,0.0,0.0,0.0,1.0,0.5,0.0,0.0,0.0
58744621,58744556,0.0,0.0,0.0,1.0,0.5,0.0,0.0,0.0
58797531,58797466,0.0,0.0,0.0,1.0,0.5,0.0,0.0,0.0
58849614,58849546,0.0,0.0,0.0,1.0,0.5,0.0,0.0,0.0
58901547,58901482,0.0,0.0,0.0,1.0,0.5,0.0,0.0,0.0
58953663,58953593,0.0,0.0,0.0,1.0,0.5,0.0,0.0,0.0
59005551,59005482,0.0,0.0,0.0,1.0,0.5,0.0,0.0,0.0
59057565,59057496,0.0,0.0,0.0,1.0,0.5,0.0,0.0,0.0
59109545,59109480,0.0,0.0,0.0,1.0,0.5,0.0,0.0,0.0
59162698,59162603,0.0,0.0,0.0,1.0,0.5,0.0,0.0,0.0
59217659,59217594,0.0,0.0,0.0,1.0,0.5,0.0,0.0,0.0
59269546,59269477,0.0,0.0,0.0,1.0,0.5,0.0,0.0,0.0
59320080,59320015,0.0,0.0,0.0,1.0,0.5,0.0,0.0,0.0
59374546,59374478,0.0,0.0,0.0,1.0,0.5,0.0,0.0,0.0
59425565,59425499,0.0,0.0,0.0,1.0,0.5,0.0,0.0,0.0
59477588,59477493,0.0,0.0,0.0,1.0,0.5,0.0,0.0,0.0
59530608,59530492,0.0,0.0,0.0,1.0,0.5,0.0,0.0,0.0
59581544,59581479,0.0,0.0,0.0,1.0,0.5,0.0,0.0,0.0
59636561,59636496,0.0,0.0,0.0,1.0,0.5,0.0,0.0,0.0
59686585,59686520,0.0,0.0,0.0,1.0,0.5,0.0,0.0,0.0
59741547,59741482,0.0,0.0,0.0,1.0,0.5,0.0,0.0,0.0
59793564,59793499,0.0,0.0,0.0,1.0,0.5,0.0,0.0,0.0
59846588,59846493,0.0,0.0,0.0,1.0,0.5,0.0,0.0,0.0
59898623,59898555,0.0,0.0,0.0,1.0,0.5,0.0,0.0,0.0
59952544,59952479,0.0,0.0,0.0,1.0,0.5,0.0,0.0,0.0
60001572,60001507,0.0,0.0,0.0,1.0,0.5,0.0,0.0,0.0
60057545,60057480,0.0,0.0,0.0,1.0,0.5,0.0,0.0,0.0
60106545,60106480,0.0,0.0,0.0,1.0,0.5,0.0,0.0,0.0
60160543,60160478,0.0,0.0,0.0,1.0,0.5,0.0,0.0,0.0
60214788,60214718,0.0,0.0,0.0,1.0,0.5,0.0,0.0,0.0
60266570,60266505,0.0,0.0,0.0,1.0,0.5,0.0,0.0,0.0
60317622,60317553,0.0,0.0,0.0,1.0,0.5,0.0,0.0,0.0
60372485,60372407,0.0,0.0,0.0,1.0,0.5,0.0,0.0,0.0
60422542,60422477,0.0,0.0,0.0,1.0,0.5,0.0,0.0,0.0
60473339,60473273,0.0,0.0,0.0,1.0,0.5,0.0,0.0,0.0
60529543,60529478,0.0,0.0,0.0,1.0,0.5,0.0,0.0,0.0
60581659,60581594,0.0,0.0,0.0,1.0,0.5,0.0,0.0,0.0
60633544,60633479,0.0,0.0,0.0,1.0,0.5,0.0,0.0,0.0
60687546,60687478,0.0,0.0,0.0,1.0,0.5,0.0,0.0,0.0
60738113,60738042,0.0,0.0,0.0,1.0,0.5,0.0,0.0,0.0
60791544,60791479,0.0,0.0,0.0,1.0,0.5,0.0,0.0,0.0
60844531,60844466,0.0,0.0,0.0,1.0,0.5,0.0,0.0,0.0
60896561,60896496,0.0,0.0,0.0,1.0,0.5,0.0,0.0,0.0
60949621,60949526,0.0,0.0,0.0,1.0,0.5,0.0,0.0,0.0
61001545,61001477,0.0,0.0,0.0,1.0,0.5,0.0,0.0,0.0
61054624,61054555,0.0,0.0,0.0,1.0,0.5,0.0,0.0,0.0
61106602,61106537,0.0,0.0,0.0,1.0,0.5,0.0,0.0,0.0
61155582,61155488,0.0,0.0,0.0,1.0,0.5,0.0,0.0,0.0
61209542,61209477,0.0,0.0,0.0,1.0,0.5,0.0,0.0,0.0
61258637,61258571,0.0,0.066,0.0,1.0,0.5,0.0,0.0,0.0
61316531,61316466,0.0,0.189,0.0,1.0,0.5,0.0,0.0,0.0
61366552,61366481,0.0,0.323,0.0,1.0,0.5,0.0,0.0,0.0
61421574,61421505,0.0,0.497,0.0,1.0,0.5,0.0,0.0,0.0
61472659,61472594,0.0,0.579,0.0,1.0,0.5,0.0,0.0,0.0
61525657,61525552,0.0,0.723,0.0,1.0,0.5,0.0,0.0,0.0
61575543,61575478,0.0,0.794,0.0,1.0,0.5,0.0,0.0,0.0
61630546,61630477,0.0,0.856,0.0,1.0,0.5,0.0,0.0,0.0
61683563,61683494,0.0,0.969,0.0,1.0,0.5,0.0,0.0,0.0
61732546,61732477,0.0,1.0,0.0,1.0,0.5,0.0,0.0,0.0
61789544,61789479,0.0,1.0,0.0,1.0,0.5,0.0,0.0,0.0
61840564,61840496,0.0,1.0,0.0,1.0,0.5,0.0,0.0,0.0
61892534,61892466,0.0,1.0,0.0,1.0,0.5,0.0,0.0,0.0
61945621,61945556,0.0,1.0,0.0,1.0,0.5,0.0,0.0,0.0
61997542,61997477,0.0,1.0,0.0,1.0,0.5,0.0,0.0,0.0
62051406,62051341,0.0,1.0,0.0,1.0,0.5,0.0,0.0,0.0
62104545,62104477,0.0,1.0,0.0,1.0,0.5,0.0,0.0,0.0
62156548,62156478,0.0,1.0,0.0,1.0,0.5,0.0,0.0,0.0
62209687,62209622,0.0,0.989,0.0,1.0,0.5,0.0,0.0,0.0
62262566,62262501,0.0,0.917,0.0,1.0,0.5,0.0,0.0,0.0
62311546,62311481,0.0,0.846,0.0,1.0,0.5,0.0,0.0,0.0
62364542,62364477,0.0,0.835,0.0,1.0,0.5,0.0,0.0,0.0
62417531,62417466,0.0,0.835,0.0,1.0,0.5,0.0,0.0,0.0
62471531,62471466,0.0,0.835,0.0,1.0,0.5,0.0,0.0,0.0
62523565,62523500,0.0,0.835,0.0,1.0,0.5,0.0,0.0,0.0
62576544,62576479,0.0,0.846,0.0,1.0,0.5,0.0,0.0,0.0
62625542,62625477,0.0,0.846,0.0,1.0,0.5,0.0,0.0,0.0
62679534,62679469,0.0,0.835,0.0,1.0,0.5,0.0,0.0,0.0
62733531,62733466,0.0,0.846,0.0,1.0,0.5,0.0,0.0,0.0
62786672,62786573,0.0,0.835,0.0,1.0,0.5,0.0,0.0,0.0
62836627,62836558,0.0,0.835,0.0,1.0,0.5,0.0,0.0,0.0
62891666,62891601,0.0,0.835,0.0,1.0,0.5,0.0,0.0,0.0
62943540,62943475,0.0,0.835,0.0,1.0,0.5,0.0,0.0,0.0
62996565,62996496,0.0,0.835,0.0,1.0,0.5,0.0,0.0,0.0
63048542,63048477,0.0,0.835,0.0,1.0,0.5,0.0,0.0,0.0
63100655,63100590,0.0,0.856,0.0,1.0,0.5,0.0,0.0,0.0
63151547,63151482,0.0,0.907,0.0,1.0,0.5,0.0,0.0,0.0
63206218,63206152,0.0,0.907,0.0,1.0,0.5,0.0,0.0,0.0
63258587,63258493,0.0,0.907,0.0,1.0,0.5,0.0,0.0,0.0
63308616,63308551,0.0,0.907,0.0,1.0,0.5,0.0,0.0,0.0
63363544,63363479,0.0,0.907,0.0,1.0,0.5,0.0,0.0,0.0
63417542,63417477,0.0,0.897,0.0,1.0,0.5,0.0,0.0,0.0
63468563,63468494,0.0,0.887,0.0,1.0,0.5,0.0,0.0,0.0
63516620,63516520,0.0,0.887,0.0,1.0,0.5,0.0,0.0,0.0
63571543,63571478,0.0,0.887,0.0,1.0,0.5,0.0,0.0,0.0
63625586,63625517,0.0,0.866,0.0,1.0,0.5,0.0,0.0,0.0
63679592,63679527,0.0,0.856,0.0,1.0,0.5,0.0,0.0,0.0
63731542,63731477,0.0,0.794,0.0,1.0,0.5,0.0,0.0,0.0
63784558,63784492,0.0,0.764,0.0,1.0,0.5,0.0,0.0,0.0
63837623,63837558,0.0,0.682,0.0,1.0,0.5,0.0,0.0,0.0
63889544,63889479,0.0,0.641,0.0,1.0,0.5,0.0,0.0,0.0
63939610,63939545,0.0,0.599,0.0,1.0,0.5,0.0,0.0,0.0
63993531,63993466,0.0,0.599,0.0,1.0,0.5,0.0,0.0,0.0
64047561,64047496,0.0,0.599,0.0,1.0,0.5,0.0,0.0,0.0
64098564,64098499,0.025,0.599,0.0,1.0,0.5,0.0,0.0,0.0
64149588,64149493,0.158,0.599,0.0,1.0,0.5,0.0,0.0,0.0
64199146,64199043,0.158,0.599,0.0,1.0,0.5,0.0,0.0,0.0
64256546,64256481,0.702,0.599,0.0,1.0,0.5,0.0,0.0,0.0
64308543,64308475,1.0,0.599,0.0,1.0,0.5,0.0,0.0,0.0
64360534,64360469,1.0,0.61,0.0,1.0,0.5,0.0,0.0,0.0
64414548,64414479,1.0,0.61,0.0,1.0,0.5,0.0,0.0,0.0
64467583,64467483,1.0,0.62,0.0,1.0,0.5,0.0,0.0,0.0
64517592,64517526,1.0,0.661,0.0,1.0,0.5,0.0,0.0,0.0
64569546,64569477,0.599,0.784,0.0,1.0,0.5,0.0,0.0,0.0
64622547,64622482,0.599,0.784,0.0,1.0,0.5,0.0,0.0,0.0
64675536,64675471,0.251,0.846,0.0,1.0,0.5,0.0,0.0,0.0
64726551,64726478,0.046,0.887,0.0,1.0,0.5,0.0,0.0,0.0
64781566,64781501,0.0,0.887,0.0,1.0,0.5,0.0,0.0,0.0
64830549,64830480,0.0,0.876,0.0,1.0,0.5,0.0,0.0,0.0
64883534,64883466,0.0,0.856,0.0,1.0,0.5,0.0,0.0,0.0
64937622,64937557,0.0,0.856,0.0,1.0,0.5,0.0,0.0,0.0
64992655,64992590,-0.302,0.846,0.0,1.0,0.5,0.0,0.0,0.0
65044545,65044480,-0.302,0.846,0.0,1.0,0.5,0.0,0.0,0.0
65092548,65092479,-1.0,0.774,0.0,1.0,0.5,0.0,0.0,0.0
65148546,65148480,-1.0,0.733,0.0,1.0,0.5,0.0,0.0,0.0
65199543,65199478,-1.0,0.682,0.0,1.0,0.5,0.0,0.0,0.0
65253621,65253520,-1.0,0.661,0.0,1.0,0.5,0.0,0.0,0.0
65306545,65306477,-1.0,0.661,0.0,1.0,0.5,0.0,0.0,0.0
65357562,65357497,-1.0,0.661,0.0,1.0,0.5,0.0,0.0,0.0
65411593,65411524,-1.0,0.671,0.0,1.0,0.5,0.0,0.0,0.0
65464574,65464509,-1.0,0.671,0.0,1.0,0.5,0.0,0.0,0.0
65517544,65517479,-0.815,0.671,0.0,1.0,0.5,0.0,0.0,0.0
65568574,65568509,-0.282,0.682,0.0,1.0,0.5,0.0,0.0,0.0
65620531,65620466,-0.169,0.682,0.0,1.0,0.5,0.0,0.0,0.0
65673542,65673477,-0.035,0.682,0.0,1.0,0.5,0.0,0.0,0.0
65726564,65726496,-0.035,0.682,0.0,1.0,0.5,0.0,0.0,0.0
65779563,65779494,-0.035,0.692,0.0,1.0,0.5,0.0,0.0,0.0
65831542,65831477,-0.035,0.712,0.0,1.0,0.5,0.0,0.0,0.0
65883957,65883892,0.0,0.784,0.0,1.0,0.5,0.0,0.0,0.0
65937564,65937496,0.0,0.805,0.0,1.0,0.5,0.0,0.0,0.0
65986662,65986597,0.0,0.805,0.0,1.0,0.5,0.0,0.0,0.0
66040586,66040521,0.0,0.805,0.0,1.0,0.5,0.0,0.0,0.0
66091613,66091548,0.0,0.794,0.0,1.0,0.5,0.0,0.0,0.0
66145564,66145499,0.0,0.774,0.0,1.0,0.5,0.0,0.0,0.0
66199546,66199477,0.0,0.733,0.0,1.0,0.5,0.0,0.0,0.0
66250547,66250482,0.0,0.733,0.0,1.0,0.5,0.0,0.0,0.0
66303544,66303479,0.0,0.733,0.0,1.0,0.5,0.0,0.0,0.0
66356620,66356555,0.128,0.712,0.0,1.0,0.5,0.0,0.0,0.0
66410017,66409952,0.128,0.712,0.0,1.0,0.5,0.0,0.0,0.0
66457751,66457683,0.702,0.62,0.0,1.0,0.5,0.0,0.0,0.0
66512531,66512466,0.774,0.579,0.0,1.0,0.5,0.0,0.0,0.0
66566564,66566496,0.774,0.579,0.0,1.0,0.5,0.0,0.0,0.0
66619531,66619465,0.353,0.517,0.0,1.0,0.5,0.0,0.0,0.0
66669163,66669098,0.353,0.517,0.0,1.0,0.5,0.0,0.0,0.0
66724572,66724507,0.292,0.517,0.0,1.0,0.5,0.0,0.0,0.0
66772518,66772420,0.292,0.517,0.0,1.0,0.5,0.0,0.0,0.0
66827545,66827480,0.292,0.538,0.0,1.0,0.5,0.0,0.0,0.0
66882542,66882477,0.015,0.641,0.0,1.0,0.5,0.0,0.0,0.0
66931252,66931184,0.015,0.641,0.0,1.0,0.5,0.0,0.0,0.0
66983705,66983611,0.0,0.723,0.0,1.0,0.5,0.0,0.0,0.0
67037545,67037476,0.0,0.723,0.0,1.0,0.5,0.0,0.0,0.0
67090542,67090477,0.0,0.723,0.0,1.0,0.5,0.0,0.0,0.0
67143559,67143494,0.0,0.712,0.0,1.0,0.5,0.0,0.0,0.0
67197546,67197477,0.0,0.682,0.0,1.0,0.5,0.0,0.0,0.0
67249544,67249479,-0.025,0.661,0.0,1.0,0.5,0.0,0.0,0.0
67302623,67302553,-0.2,0.63,0.0,1.0,0.5,0.0,0.0,0.0
67353546,67353480,-0.271,0.63,0.0,1.0,0.5,0.0,0.0,0.0
67407594,67407529,-0.425,0.63,0.0,1.0,0.5,0.0,0.0,0.0
67454952,67454883,-0.723,0.63,0.0,1.0,0.5,0.0,0.0,0.0
67510539,67510473,-0.723,0.63,0.0,1.0,0.5,0.0,0.0,0.0
67560546,67560477,-0.61,0.63,0.0,1.0,0.5,0.0,0.0,0.0
67616582,67616482,-0.487,0.63,0.0,1.0,0.5,0.0,0.0,0.0
67665672,67665604,-0.343,0.63,0.0,1.0,0.5,0.0,0.0,0.0
67721545,67721480,-0.271,0.63,0.0,1.0,0.5,0.0,0.0,0.0
67774586,67774521,-0.158,0.641,0.0,1.0,0.5,0.0,0.0,0.0
67822544,67822475,-0.056,0.692,0.0,1.0,0.5,0.0,0.0,0.0
67875542,67875477,0.0,0.743,0.0,1.0,0.5,0.0,0.0,0.0
67932577,67932482,0.0,0.784,0.0,1.0,0.5,0.0,0.0,0.0
67981535,67981466,0.0,0.794,0.0,1.0,0.5,0.0,0.0,0.0
68033548,68033480,0.0,0.794,0.0,1.0,0.5,0.0,0.0,0.0
68086582,68086482,0.0,0.764,0.0,1.0,0.5,0.0,0.0,0.0
68141564,68141499,0.0,0.702,0.0,1.0,0.5,0.0,0.0,0.0
68192582,68192482,0.0,0.702,0.0,1.0,0.5,0.0,0.0,0.0
68247035,68246970,0.0,0.702,0.0,1.0,0.5,0.0,0.0,0.0
68297547,68297479,0.0,0.702,0.0,1.0,0.5,0.0,0.0,0.0
68349447,68349374,0.0,0.682,0.0,1.0,0.5,0.0,0.0,0.0
68404593,68404493,0.0,0.641,0.0,1.0,0.5,0.0,0.0,0.0
68454672,68454577,0.158,0.61,0.0,1.0,0.5,0.0,0.0,0.0
68506576,68506507,0.312,0.61,0.0,1.0,0.5,0.0,0.0,0.0
68561594,68561494,0.312,0.651,0.0,1.0,0.5,0.0,0.0,0.0
68612545,68612477,0.312,0.692,0.0,1.0,0.5,0.0,0.0,0.0
68665623,68665558,0.323,0.743,0.0,1.0,0.5,0.0,0.0,0.0
68718546,68718481,0.251,0.764,0.0,1.0,0.5,0.0,0.0,0.0
68772543,68772478,0.21,0.774,0.0,1.0,0.5,0.0,0.0,0.0
68823594,68823493,0.046,0.774,0.0,1.0,0.5,0.0,0.0,0.0
68877585,68877519,0.025,0.764,0.0,1.0,0.5,0.0,0.0,0.0
68925604,68925535,0.0,0.764,0.0,1.0,0.5,0.0,0.0,0.0
68979542,68979477,0.0,0.774,0.0,1.0,0.5,0.0,0.0,0.0
69032563,69032494,0.0,0.774,0.0,1.0,0.5,0.0,0.0,0.0
69087543,69087478,0.0,0.702,0.0,1.0,0.5,0.0,0.0,0.0
69136561,69136496,0.0,0.702,0.0,1.0,0.5,0.0,0.0,0.0
69192564,69192499,0.0,0.61,0.0,1.0,0.5,0.0,0.0,0.0
69243276,69243211,0.0,0.61,0.0,1.0,0.5,0.0,0.0,0.0
69295543,69295478,0.0,0.61,0.0,1.0,0.5,0.0,0.0,0.0
69347563,69347498,0.0,0.61,0.0,1.0,0.5,0.0,0.0,0.0
69398647,69398582,0.0,0.61,0.0,1.0,0.5,0.0,0.0,0.0
69453573,69453508,-0.035,0.569,0.0,1.0,0.5,0.0,0.0,0.0
69506543,69506478,-0.148,0.538,0.0,1.0,0.5,0.0,0.0,0.0
69558573,69558508,-0.148,0.538,0.0,1.0,0.5,0.0,0.0,0.0
69611589,69611524,-0.158,0.538,0.0,1.0,0.5,0.0,0.0,0.0
69662670,69662571,-0.158,0.538,0.0,1.0,0.5,0.0,0.0,0.0
69717531,69717466,-0.446,0.558,0.0,1.0,0.5,0.0,0.0,0.0
69768578,69768484,-0.569,0.569,0.0,1.0,0.5,0.0,0.0,0.0
69821620,69821554,-0.569,0.569,0.0,1.0,0.5,0.0,0.0,0.0
69873559,69873494,-0.415,0.569,0.0,1.0,0.5,0.0,0.0,0.0
69927349,69927284,-0.415,0.569,0.0,1.0,0.5,0.0,0.0,0.0
69977564,69977496,-0.087,0.569,0.0,1.0,0.5,0.0,0.0,0.0
70029546,70029481,0.0,0.61,0.0,1.0,0.5,0.0,0.0,0.0
70083542,70083477,0.0,0.671,0.0,1.0,0.5,0.0,0.0,0.0
70136546,70136477,0.0,0.671,0.0,1.0,0.5,0.0,0.0,0.0
70186997,70186931,0.0,0.671,0.0,1.0,0.5,0.0,0.0,0.0
70242549,70242480,0.0,0.651,0.0,1.0,0.5,0.0,0.0,0.0
70292548,70292483,0.0,0.61,0.0,1.0,0.5,0.0,0.0,0.0
70347589,70347495,0.015,0.599,0.0,1.0,0.5,0.0,0.0,0.0
70396544,70396479,0.148,0.599,0.0,1.0,0.5,0.0,0.0,0.0
70451411,70451338,0.312,0.61,0.0,1.0,0.5,0.0,0.0,0.0
70500540,70500466,0.312,0.641,0.0,1.0,0.5,0.0,0.0,0.0
70556560,70556495,0.312,0.682,0.0,1.0,0.5,0.0,0.0,0.0
70606567,70606502,0.312,0.682,0.0,1.0,0.5,0.0,0.0,0.0
70662531,70662466,0.312,0.641,0.0,1.0,0.5,0.0,0.0,0.0
70712670,70712605,0.302,0.579,0.0,1.0,0.5,0.0,0.0,0.0
70766548,70766479,0.302,0.517,0.0,1.0,0.5,0.0,0.0,0.0
70816547,70816478,0.302,0.517,0.0,1.0,0.5,0.0,0.0,0.0
70869545,70869480,0.302,0.517,0.0,1.0,0.5,0.0,0.0,0.0
70922580,70922491,0.292,0.517,0.0,1.0,0.5,0.0,0.0,0.0
70976622,70976554,0.21,0.517,0.0,1.0,0.5,0.0,0.0,0.0
71026546,71026481,0.21,0.517,0.0,1.0,0.5,0.0,0.0,0.0
71078713,71078648,0.035,0.517,0.0,1.0,0.5,0.0,0.0,0.0
71132564,71132496,0.0,0.517,0.0,1.0,0.5,0.0,0.0,0.0
71184535,71184466,0.0,0.517,0.0,1.0,0.5,0.0,0.0,0.0
71236624,71236537,0.0,0.517,0.0,1.0,0.5,0.0,0.0,0.0
71289546,71289477,0.0,0.528,0.0,1.0,0.5,0.0,0.0,0.0
71343566,71343501,0.0,0.579,0.0,1.0,0.5,0.0,0.0,0.0
71397565,71397499,0.0,0.599,0.0,1.0,0.5,0.0,0.0,0.0
71447560,71447495,0.0,0.599,0.0,1.0,0.5,0.0,0.0,0.0
71497202,71497133,0.0,0.599,0.0,1.0,0.5,0.0,0.0,0.0
71551564,71551496,0.0,0.599,0.0,1.0,0.5,0.0,0.0,0.0
71606543,71606478,-0.189,0.641,0.0,1.0,0.5,0.0,0.0,0.0
71658717,71658652,-0.189,0.641,0.0,1.0,0.5,0.0,0.0,0.0
71711593,71711528,-0.189,0.641,0.0,1.0,0.5,0.0,0.0,0.0
71763542,71763477,-0.025,0.641,0.0,1.0,0.5,0.0,0.0,0.0
71817542,71817477,0.0,0.641,0.0,1.0,0.5,0.0,0.0,0.0
71866562,71866497,0.0,0.671,0.0,1.0,0.5,0.0,0.0,0.0
71921044,71920976,0.0,0.702,0.0,1.0,0.5,0.0,0.0,0.0
71971546,71971477,0.0,0.702,0.0,1.0,0.5,0.0,0.0,0.0
72027543,72027478,-0.158,0.702,0.0,1.0,0.5,0.0,0.0,0.0
72076623,72076554,-0.21,0.702,0.0,1.0,0.5,0.0,0.0,0.0
72131662,72131556,-0.087,0.682,0.0,1.0,0.5,0.0,0.0,0.0
72182542,72182477,-0.005,0.671,0.0,1.0,0.5,0.0,0.0,0.0
72234220,72234140,-0.005,0.671,0.0,1.0,0.5,0.0,0.0,0.0
72287545,72287476,-0.076,0.671,0.0,1.0,0.5,0.0,0.0,0.0
72340616,72340551,-0.2,0.579,0.0,1.0,0.5,0.0,0.0,0.0
72392563,72392498,-0.2,0.579,0.0,1.0,0.5,0.0,0.0,0.0
72446580,72446497,0.0,0.507,0.0,1.0,0.5,0.0,0.0,0.0
72494936,72494871,0.0,0.507,0.0,1.0,0.5,0.0,0.0,0.0
72551534,72551469,-0.025,0.507,0.0,1.0,0.5,0.0,0.0,0.0
72601542,72601466,-0.025,0.507,0.0,1.0,0.5,0.0,0.0,0.0
72653563,72653498,-0.035,0.487,0.0,1.0,0.5,0.0,0.0,0.0
72705542,72705477,0.0,0.435,0.0,1.0,0.5,0.0,0.0,0.0
72761610,72761499,-0.097,0.435,0.0,1.0,0.5,0.0,0.0,0.0
72814598,72814529,-0.138,0.435,0.0,1.0,0.5,0.0,0.0,0.0
72867607,72867521,-0.138,0.435,0.0,1.0,0.5,0.0,0.0,0.0
72919547,72919482,-0.169,0.466,0.0,1.0,0.5,0.0,0.0,0.0
72972544,72972480,-0.282,0.507,0.0,1.0,0.5,0.0,0.0,0.0
73020539,73020471,-0.282,0.507,0.0,1.0,0.5,0.0,0.0,0.0
73075572,73075508,-0.282,0.507,0.0,1.0,0.5,0.0,0.0,0.0
73129586,73129517,-0.343,0.548,0.0,1.0,0.5,0.0,0.0,0.0
73181543,73181478,-0.333,0.579,0.0,1.0,0.5,0.0,0.0,0.0
73233572,73233477,-0.333,0.61,0.0,1.0,0.5,0.0,0.0,0.0
73283564,73283496,-0.282,0.63,0.0,1.0,0.5,0.0,0.0,0.0
73336568,73336496,-0.251,0.63,0.0,1.0,0.5,0.0,0.0,0.0
73388543,73388478,-0.189,0.63,0.0,1.0,0.5,0.0,0.0,0.0
73444589,73444495,-0.189,0.63,0.0,1.0,0.5,0.0,0.0,0.0
73496542,73496477,-0.025,0.63,0.0,1.0,0.5,0.0,0.0,0.0
73547573,73547505,0.0,0.63,0.0,1.0,0.5,0.0,0.0,0.0
73602588,73602493,0.0,0.63,0.0,1.0,0.5,0.0,0.0,0.0
73654567,73654496,0.0,0.63,0.0,1.0,0.5,0.0,0.0,0.0
73707581,73707484,0.0,0.63,0.0,1.0,0.5,0.0,0.0,0.0
73756542,73756477,0.22,0.63,0.0,1.0,0.5,0.0,0.0,0.0
73810542,73810477,0.22,0.63,0.0,1.0,0.5,0.0,0.0,0.0
73864578,73864488,0.364,0.63,0.0,1.0,0.5,0.0,0.0,0.0
73914462,73914356,0.364,0.63,0.0,1.0,0.5,0.0,0.0,0.0
73969625,73969524,0.384,0.63,0.0,1.0,0.5,0.0,0.0,0.0
74020603,74020533,0.579,0.63,0.0,1.0,0.5,0.0,0.0,0.0
74074423,74074358,0.579,0.63,0.0,1.0,0.5,0.0,0.0,0.0
74125543,74125478,0.661,0.63,0.0,1.0,0.5,0.0,0.0,0.0
74179583,74179482,0.158,0.63,0.0,1.0,0.5,0.0,0.0,0.0
74232622,74232554,0.158,0.63,0.0,1.0,0.5,0.0,0.0,0.0
74282542,74282477,0.0,0.61,0.0,1.0,0.5,0.0,0.0,0.0
74336546,74336477,0.0,0.61,0.0,1.0,0.5,0.0,0.0,0.0
74386622,74386557,0.0,0.61,0.0,1.0,0.5,0.0,0.0,0.0
74442546,74442478,0.0,0.61,0.0,1.0,0.5,0.0,0.0,0.0
74491593,74491499,0.0,0.61,0.0,1.0,0.5,0.0,0.0,0.0
74545561,74545496,0.0,0.61,0.0,1.0,0.5,0.0,0.0,0.0
74595621,74595552,-0.097,0.61,0.0,1.0,0.5,0.0,0.0,0.0
74652564,74652496,-0.261,0.61,0.0,1.0,0.5,0.0,0.0,0.0
74702546,74702477,-0.323,0.61,0.0,1.0,0.5,0.0,0.0,0.0
74752531,74752466,-0.333,0.599,0.0,1.0,0.5,0.0,0.0,0.0
74809590,74809499,-0.333,0.599,0.0,1.0,0.5,0.0,0.0,0.0
74859627,74859557,-0.333,0.599,0.0,1.0,0.5,0.0,0.0,0.0
74912535,74912466,-0.333,0.599,0.0,1.0,0.5,0.0,0.0,0.0
74967575,74967506,-0.333,0.599,0.0,1.0,0.5,0.0,0.0,0.0
75019916,75019851,-0.169,0.599,0.0,1.0,0.5,0.0,0.0,0.0
75071622,75071522,-0.169,0.599,0.0,1.0,0.5,0.0,0.0,0.0
75121542,75121477,0.0,0.599,0.0,1.0,0.5,0.0,0.0,0.0
75177547,75177478,0.0,0.599,0.0,1.0,0.5,0.0,0.0,0.0
75227547,75227478,0.0,0.599,0.0,1.0,0.5,0.0,0.0,0.0
75279562,75279497,0.0,0.599,0.0,1.0,0.5,0.0,0.0,0.0
75330466,75330394,0.0,0.599,0.0,1.0,0.5,0.0,0.0,0.0
75387621,75387553,0.0,0.599,0.0,1.0,0.5,0.0,0.0,0.0
75439587,75439494,0.0,0.599,0.0,1.0,0.5,0.0,0.0,0.0
75488577,75488483,0.0,0.599,0.0,1.0,0.5,0.0,0.0,0.0
75541659,75541591,0.0,0.599,0.0,1.0,0.5,0.0,0.0,0.0
75595557,75595482,0.0,0.599,0.0,1.0,0.5,0.0,0.0,0.0
75648543,75648478,0.0,0.599,0.0,1.0,0.5,0.0,0.0,0.0
75700546,75700477,0.0,0.599,0.0,1.0,0.5,0.0,0.0,0.0
75754392,75754327,0.0,0.599,0.0,1.0,0.5,0.0,0.0,0.0
75803544,75803479,0.0,0.599,0.0,1.0,0.5,0.0,0.0,0.0
75854540,75854475,0.0,0.599,0.0,1.0,0.5,0.0,0.0,0.0
75909615,75909521,0.0,0.599,0.0,1.0,0.5,0.0,0.0,0.0
75961531,75961466,0.0,0.599,0.0,1.0,0.5,0.0,0.0,0.0
76014627,76014558,0.0,0.599,0.0,1.0,0.5,0.0,0.0,0.0
76066565,76066496,0.0,0.599,0.0,1.0,0.5,0.0,0.0,0.0
76117755,76117690,0.0,0.599,0.0,1.0,0.5,0.0,0.0,0.0
76172543,76172478,0.0,0.599,0.0,1.0,0.5,0.0,0.0,0.0
76222144,76222073,0.0,0.599,0.0,1.0,0.5,0.0,0.0,0.0
76278742,76278674,0.0,0.599,0.0,1.0,0.5,0.0,0.0,0.0
76331574,76331505,0.0,0.599,0.0,1.0,0.5,0.0,0.0,0.0
76383106,76383033,0.0,0.599,0.0,1.0,0.5,0.0,0.0,0.0
76434544,76434479,0.0,0.599,0.0,1.0,0.5,0.0,0.0,0.0
76486547,76486478,0.0,0.599,0.0,1.0,0.5,0.0,0.0,0.0
76538548,76538478,0.0,0.599,0.0,1.0,0.5,0.0,0.0,0.0
76594594,76594493,0.0,0.599,0.0,1.0,0.5,0.0,0.0,0.0
76647542,76647477,0.0,0.599,0.0,1.0,0.5,0.0,0.0,0.0
76699616,76699547,0.0,0.599,0.0,1.0,0.5,0.0,0.0,0.0
76751618,76751553,0.0,0.599,0.0,1.0,0.5,0.0,0.0,0.0
76803564,76803496,0.0,0.599,0.0,1.0,0.5,0.0,0.0,0.0
76855543,76855478,0.0,0.599,0.0,1.0,0.5,0.0,0.0,0.0
76908547,76908479,0.0,0.599,0.0,1.0,0.5,0.0,0.0,0.0
76958547,76958482,0.0,0.599,0.0,1.0,0.5,0.0,0.0,0.0
77012434,77012361,0.0,0.599,0.0,1.0,0.5,0.0,0.0,0.0
77064560,77064495,0.0,0.599,0.0,1.0,0.5,0.0,0.0,0.0
77116547,77116478,0.0,0.599,0.0,1.0,0.5,0.0,0.0,0.0
77172542,77172477,0.0,0.599,0.0,1.0,0.5,0.0,0.0,0.0
77222600,77222535,0.0,0.599,0.0,1.0,0.5,0.0,0.0,0.0
77276534,77276466,0.0,0.599,0.0,1.0,0.5,0.0,0.0,0.0
77328544,77328479,0.0,0.599,0.0,1.0,0.5,0.0,0.0,0.0
77382615,77382521,0.0,0.599,0.0,1.0,0.5,0.0,0.0,0.0
77432702,77432599,0.0,0.599,0.0,1.0,0.5,0.0,0.0,0.0
77486575,77486510,0.0,0.599,0.0,1.0,0.5,0.0,0.0,0.0
77536534,77536469,0.0,0.599,0.0,1.0,0.5,0.0,0.0,0.0
77590575,77590510,0.0,0.599,0.0,1.0,0.5,0.0,0.0,0.0
77643531,77643466,0.0,0.599,0.0,1.0,0.5,0.0,0.0,0.0
77695507,77695442,0.0,0.599,0.0,1.0,0.5,0.0,0.0,0.0
77748565,77748497,0.0,0.599,0.0,1.0,0.5,0.0,0.0,0.0
77801564,77801499,0.0,0.599,0.0,1.0,0.5,0.0,0.0,0.0
77853531,77853466,0.0,0.599,0.0,1.0,0.5,0.0,0.0,0.0
77903534,77903469,0.0,0.599,0.0,1.0,0.5,0.0,0.0,0.0
77957534,77957469,0.0,0.599,0.0,1.0,0.5,0.0,0.0,0.0
78009566,78009501,0.0,0.579,0.0,1.0,0.5,0.0,0.0,0.0
78063563,78063494,0.0,0.579,0.0,1.0,0.5,0.0,0.0,0.0
78115707,78115606,0.0,0.579,0.0,1.0,0.5,0.0,0.0,0.0
78167561,78167496,0.0,0.579,0.0,1.0,0.5,0.0,0.0,0.0
78219245,78219170,0.0,0.579,0.0,1.0,0.5,0.0,0.0,0.0
78273565,78273496,0.0,0.579,0.0,1.0,0.5,0.0,0.0,0.0
78326545,78326480,0.0,0.579,0.0,1.0,0.5,0.0,0.0,0.0
78378575,78378482,0.0,0.579,0.0,1.0,0.5,0.0,0.0,0.0
78430546,78430481,0.0,0.579,0.0,1.0,0.5,0.0,0.0,0.0
78483547,78483482,0.0,0.579,0.0,1.0,0.5,0.0,0.0,0.0
78537531,78537466,0.0,0.579,0.0,1.0,0.5,0.0,0.0,0.0
78589547,78589479,0.0,0.579,0.0,1.0,0.5,0.0,0.0,0.0
78641546,78641477,0.0,0.579,0.0,1.0,0.5,0.0,0.0,0.0
78693587,78693493,0.0,0.579,0.0,1.0,0.5,0.0,0.0,0.0
78745583,78745483,0.0,0.579,0.0,1.0,0.5,0.0,0.0,0.0
78798547,78798479,0.0,0.579,0.0,1.0,0.5,0.0,0.0,0.0
78848704,78848635,0.0,0.579,0.0,1.0,0.5,0.0,0.0,0.0
78902541,78902476,0.0,0.579,0.0,1.0,0.5,0.0,0.0,0.0
78956542,78956477,0.0,0.579,0.0,1.0,0.5,0.0,0.0,0.0
79009935,79009870,0.0,0.579,0.0,1.0,0.5,0.0,0.0,0.0
79061655,79061590,0.0,0.579,0.0,1.0,0.5,0.0,0.0,0.0
79111442,79111371,0.0,0.579,0.0,1.0,0.5,0.0,0.0,0.0
79165562,79165497,0.0,0.579,0.0,1.0,0.5,0.0,0.0,0.0
79217531,79217465,0.0,0.579,0.0,1.0,0.5,0.0,0.0,0.0
79270621,79270556,0.0,0.579,0.0,1.0,0.5,0.0,0.0,0.0
79322591,79322526,0.0,0.579,0.0,1.0,0.5,0.0,0.0,0.0
79374546,79374477,0.0,0.579,0.0,1.0,0.5,0.0,0.0,0.0
79428546,79428477,0.0,0.589,0.0,1.0,0.5,0.0,0.0,0.0
79479768,79479667,0.0,0.589,0.0,1.0,0.5,0.0,0.0,0.0
79534617,79534551,0.0,0.589,0.0,1.0,0.5,0.0,0.0,0.0
79584541,79584476,0.0,0.599,0.0,1.0,0.5,0.0,0.0,0.0
79639227,79639162,0.0,0.599,0.0,1.0,0.5,0.0,0.0,0.0
79690561,79690496,0.0,0.599,0.0,1.0,0.5,0.0,0.0,0.0
79741576,79741508,0.0,0.599,0.0,1.0,0.5,0.0,0.0,0.0
79797293,79797228,0.0,0.599,0.0,1.0,0.5,0.0,0.0,0.0
79848561,79848496,0.0,0.599,0.0,1.0,0.5,0.0,0.0,0.0
79900842,79900777,0.0,0.599,0.0,1.0,0.5,0.0,0.0,0.0
79953545,79953477,0.0,0.599,0.0,1.0,0.5,0.0,0.0,0.0
80006542,80006477,0.0,0.599,0.0,1.0,0.5,0.0,0.0,0.0
80058583,80058482,0.0,0.599,0.0,1.0,0.5,0.0,0.0,0.0
80109566,80109497,0.0,0.61,0.0,1.0,0.5,0.0,0.0,0.0
80164466,80164397,0.0,0.712,0.0,1.0,0.5,0.0,0.0,0.0
80214542,80214477,0.0,0.835,0.0,1.0,0.5,0.0,0.0,0.0
80267563,80267494,0.0,1.0,0.0,1.0,0.5,0.0,0.0,0.0
80321542,80321477,0.0,1.0,0.0,1.0,0.5,0.0,0.0,0.0
80372594,80372525,0.0,1.0,0.0,1.0,0.5,0.0,0.0,0.0
80424593,80424524,0.0,1.0,0.0,1.0,0.5,0.0,0.0,0.0
80477543,80477478,0.0,1.0,0.0,1.0,0.5,0.0,0.0,0.0
80529547,80529479,0.0,1.0,0.0,1.0,0.5,0.0,0.0,0.0
80582564,80582496,0.0,1.0,0.0,1.0,0.5,0.0,0.0,0.0
80637547,80637478,0.0,1.0,0.0,1.0,0.5,0.0,0.0,0.0
80689659,80689594,0.0,1.0,0.0,1.0,0.5,0.0,0.0,0.0
80741547,80741478,0.0,1.0,0.0,1.0,0.5,0.0,0.0,0.0
80793565,80793500,0.0,1.0,0.0,1.0,0.5,0.0,0.0,0.0
80845546,80845478,0.0,1.0,0.0,1.0,0.5,0.0,0.0,0.0
80897586,80897492,0.0,1.0,0.0,1.0,0.5,0.0,0.0,0.0
80952602,80952536,0.0,1.0,0.0,1.0,0.5,0.0,0.0,0.0
81002542,81002477,0.0,1.0,0.0,1.0,0.5,0.0,0.0,0.0
81053542,81053477,0.0,1.0,0.0,1.0,0.5,0.0,0.0,0.0
81109546,81109477,0.0,1.0,0.0,1.0,0.5,0.0,0.0,0.0
81162621,81162556,0.0,1.0,0.0,1.0,0.5,0.0,0.0,0.0
81210534,81210466,0.0,1.0,0.0,1.0,0.5,0.0,0.0,0.0
81266546,81266478,0.0,1.0,0.0,1.0,0.5,0.0,0.0,0.0
81318594,81318529,0.0,1.0,0.0,1.0,0.5,0.0,0.0,0.0
81368578,81368483,0.0,1.0,0.0,1.0,0.5,0.0,0.0,0.0
81424544,81424479,0.0,1.0,0.0,1.0,0.5,0.0,0.0,0.0
81474246,81474171,0.0,1.0,0.0,1.0,0.5,0.0,0.0,0.0
81529567,81529498,0.0,0.989,0.0,1.0,0.5,0.0,0.0,0.0
81582545,81582477,0.0,0.907,0.0,1.0,0.5,0.0,0.0,0.0
81632542,81632477,0.0,0.794,0.0,1.0,0.5,0.0,0.0,0.0
81686534,81686466,0.0,0.712,0.0,1.0,0.5,0.0,0.0,0.0
81739544,81739479,0.0,0.579,0.0,1.0,0.5,0.0,0.0,0.0
81790548,81790483,0.0,0.558,0.0,1.0,0.5,0.0,0.0,0.0
81840531,81840466,0.0,0.599,0.0,1.0,0.5,0.0,0.0,0.0
81895620,81895526,0.0,0.63,0.0,1.0,0.5,0.0,0.0,0.0
81947543,81947478,0.0,0.641,0.0,1.0,0.5,0.0,0.0,0.0
81998629,81998559,0.0,0.692,0.0,1.0,0.5,0.0,0.0,0.0
82052575,82052510,0.0,0.692,0.0,1.0,0.5,0.0,0.0,0.0
82104612,82104517,0.0,0.712,0.0,1.0,0.5,0.0,0.0,0.0
82155541,82155475,0.0,0.712,0.0,1.0,0.5,0.0,0.0,0.0
82212591,82212526,0.0,0.712,0.0,1.0,0.5,0.0,0.0,0.0
82260565,82260500,0.0,0.712,0.0,1.0,0.5,0.0,0.0,0.0
82317620,82317555,0.0,0.702,0.0,1.0,0.5,0.0,0.0,0.0
82365860,82365791,0.0,0.702,0.0,1.0,0.5,0.0,0.0,0.0
82422553,82422488,0.0,0.702,0.0,1.0,0.5,0.0,0.0,0.0
82474563,82474498,0.0,0.692,0.0,1.0,0.5,0.0,0.0,0.0
82527547,82527482,0.0,0.692,0.0,1.0,0.5,0.0,0.0,0.0
82577531,82577466,0.0,0.682,0.0,1.0,0.5,0.0,0.0,0.0
82628991,82628926,0.0,0.682,0.0,1.0,0.5,0.0,0.0,0.0
82684547,82684478,0.0,0.671,0.0,1.0,0.5,0.0,0.0,0.0
82736543,82736478,-0.005,0.661,0.0,1.0,0.5,0.0,0.0,0.0
82785555,82785490,-0.005,0.661,0.0,1.0,0.5,0.0,0.0,0.0
82841543,82841478,0.0,0.661,0.0,1.0,0.5,0.0,0.0,0.0
82891531,82891466,0.0,0.671,0.0,1.0,0.5,0.0,0.0,0.0
82944886,82944821,0.0,0.682,0.0,1.0,0.5,0.0,0.0,0.0
82998849,82998781,0.0,0.682,0.0,1.0,0.5,0.0,0.0,0.0
83051543,83051478,-0.035,0.682,0.0,1.0,0.5,0.0,0.0,0.0
83100531,83100466,-0.384,0.682,0.0,1.0,0.5,0.0,0.0,0.0
83155534,83155469,-0.425,0.682,0.0,1.0,0.5,0.0,0.0,0.0
83208660,83208595,-0.456,0.682,0.0,1.0,0.5,0.0,0.0,0.0
83262542,83262477,-0.456,0.682,0.0,1.0,0.5,0.0,0.0,0.0
83313594,83313493,-0.456,0.682,0.0,1.0,0.5,0.0,0.0,0.0
83365576,83365499,-0.415,0.682,0.0,1.0,0.5,0.0,0.0,0.0
83417698,83417604,-0.374,0.692,0.0,1.0,0.5,0.0,0.0,0.0
83470546,83470480,-0.343,0.712,0.0,1.0,0.5,0.0,0.0,0.0
83524559,83524479,-0.261,0.723,0.0,1.0,0.5,0.0,0.0,0.0
83574548,83574483,0.0,0.723,0.0,1.0,0.5,0.0,0.0,0.0
83629564,83629499,0.0,0.743,0.0,1.0,0.5,0.0,0.0,0.0
83680581,83680506,0.0,0.764,0.0,1.0,0.5,0.0,0.0,0.0
83731542,83731477,0.0,0.774,0.0,1.0,0.5,0.0,0.0,0.0
83785547,83785482,0.0,0.784,0.0,1.0,0.5,0.0,0.0,0.0
83832546,83832477,0.0,0.774,0.0,1.0,0.5,0.0,0.0,0.0
83890675,83890606,0.046,0.764,0.0,1.0,0.5,0.0,0.0,0.0
83944573,83944508,0.158,0.764,0.0,1.0,0.5,0.0,0.0,0.0
83997542,83997477,0.241,0.764,0.0,1.0,0.5,0.0,0.0,0.0
84046531,84046466,0.241,0.764,0.0,1.0,0.5,0.0,0.0,0.0
84101534,84101469,0.241,0.794,0.0,1.0,0.5,0.0,0.0,0.0
84152565,84152500,0.241,0.794,0.0,1.0,0.5,0.0,0.0,0.0
84205594,84205493,0.241,0.794,0.0,1.0,0.5,0.0,0.0,0.0
84259612,84259525,0.22,0.794,0.0,1.0,0.5,0.0,0.0,0.0
84311543,84311478,0.22,0.794,0.0,1.0,0.5,0.0,0.0,0.0
84360560,84360495,0.21,0.794,0.0,1.0,0.5,0.0,0.0,0.0
84413542,84413477,0.189,0.794,0.0,1.0,0.5,0.0,0.0,0.0
84466300,84466235,0.0,0.794,0.0,1.0,0.5,0.0,0.0,0.0
84517626,84517556,0.0,0.805,0.0,1.0,0.5,0.0,0.0,0.0
84574559,84574494,0.0,0.815,0.0,1.0,0.5,0.0,0.0,0.0
84626548,84626479,0.0,0.815,0.0,1.0,0.5,0.0,0.0,0.0
84679576,84679482,0.0,0.815,0.0,1.0,0.5,0.0,0.0,0.0
84730110,84730038,0.0,0.815,0.0,1.0,0.5,0.0,0.0,0.0
84782562,84782497,0.0,0.815,0.0,1.0,0.5,0.0,0.0,0.0
84837599,84837494,0.0,0.815,0.0,1.0,0.5,0.0,0.0,0.0
84885542,84885477,0.0,0.815,0.0,1.0,0.5,0.0,0.0,0.0
84940581,84940481,0.0,0.835,0.0,1.0,0.5,0.0,0.0,0.0
84993609,84993526,0.0,0.866,0.0,1.0,0.5,0.0,0.0,0.0
85045616,85045551,0.0,0.866,0.0,1.0,0.5,0.0,0.0,0.0
85099546,85099477,0.0,0.866,0.0,1.0,0.5,0.0,0.0,0.0
85151546,85151478,0.0,0.866,0.0,1.0,0.5,0.0,0.0,0.0
85203588,85203494,0.0,0.866,0.0,1.0,0.5,0.0,0.0,0.0
85256597,85256502,0.0,0.866,0.0,1.0,0.5,0.0,0.0,0.0
85308575,85308506,0.0,0.866,0.0,1.0,0.5,0.0,0.0,0.0
85360541,85360476,0.0,0.866,0.0,1.0,0.5,0.0,0.0,0.0
85412561,85412496,0.0,0.866,0.0,1.0,0.5,0.0,0.0,0.0
85463631,85463565,0.0,0.866,0.0,1.0,0.5,0.0,0.0,0.0
85518623,85518553,0.0,0.866,0.0,1.0,0.5,0.0,0.0,0.0
85572573,85572508,0.0,0.866,0.0,1.0,0.5,0.0,0.0,0.0
85621543,85621478,0.0,0.866,0.0,1.0,0.5,0.0,0.0,0.0
85675583,85675517,0.0,0.866,0.0,1.0,0.5,0.0,0.0,0.0
85729541,85729476,0.0,0.866,0.0,1.0,0.5,0.0,0.0,0.0
85779580,85779483,0.0,0.866,0.0,1.0,0.5,0.0,0.0,0.0
85834560,85834495,0.0,0.866,0.0,1.0,0.5,0.0,0.0,0.0
85887564,85887499,0.0,0.866,0.0,1.0,0.5,0.0,0.0,0.0
85939544,85939479,0.0,0.866,0.0,1.0,0.5,0.0,0.0,0.0
85992543,85992478,0.0,0.866,0.0,1.0,0.5,0.0,0.0,0.0
86043590,86043499,0.0,0.866,0.0,1.0,0.5,0.0,0.0,0.0
86096544,86096476,0.0,0.866,0.0,1.0,0.5,0.0,0.0,0.0
86149543,86149478,0.0,0.866,0.0,1.0,0.5,0.0,0.0,0.0
86201590,86201496,0.0,0.866,0.0,1.0,0.5,0.0,0.0,0.0
86251383,86251314,0.0,0.866,0.0,1.0,0.5,0.0,0.0,0.0
86307546,86307477,0.0,0.866,0.0,1.0,0.5,0.0,0.0,0.0
86359609,86359521,0.0,0.866,0.0,1.0,0.5,0.0,0.0,0.0
86412547,86412478,0.0,0.866,0.0,1.0,0.5,0.0,0.0,0.0
86460279,86460210,0.0,0.661,0.0,1.0,0.5,0.0,0.0,0.0
86515232,86515167,0.0,0.661,0.0,1.0,0.5,0.0,0.0,0.0
86568547,86568482,0.0,0.158,0.0,1.0,0.5,0.0,0.0,0.0
86618199,86618134,0.0,0.0,0.0,1.0,0.5,0.0,0.0,0.0
86673626,86673557,0.0,-0.476,0.0,1.0,0.5,0.0,0.0,0.0
86727595,86727501,0.0,-0.487,0.0,1.0,0.5,0.0,0.0,0.0
86775563,86775494,0.0,-0.343,0.0,1.0,0.5,0.0,0.0,0.0
86830543,86830478,0.0,-0.138,0.0,1.0,0.5,0.0,0.0,0.0
86882660,86882595,0.0,0.0,0.0,1.0,0.5,0.0,0.0,0.0
86936571,86936497,0.0,0.0,0.0,1.0,0.5,0.0,0.0,0.0
86989562,86989497,0.0,0.0,0.0,1.0,0.5,0.0,0.0,0.0
87042543,87042478,0.0,0.0,0.0,1.0,0.5,0.0,0.0,0.0
87090561,87090496,0.0,0.0,0.0,1.0,0.5,0.0,0.0,0.0
87144925,87144856,0.0,0.0,0.0,1.0,0.5,0.0,0.0,0.0
87198593,87198493,0.0,0.0,0.0,1.0,0.5,0.0,0.0,0.0
87250546,87250481,0.0,0.0,0.0,1.0,0.5,0.0,0.0,0.0
87303546,87303481,0.0,0.005,0.0,1.0,0.5,0.0,0.0,0.0
87357531,87357466,0.0,0.199,0.0,1.0,0.5,0.0,0.0,0.0
87407596,87407496,0.0,0.343,0.0,1.0,0.5,0.0,0.0,0.0
87459611,87459542,0.0,0.487,0.0,1.0,0.5,0.0,0.0,0.0
87511587,87511522,0.0,0.507,0.0,1.0,0.5,0.0,0.0,0.0
87567543,87567478,0.0,0.507,0.0,1.0,0.5,0.0,0.0,0.0
87616618,87616524,0.0,0.528,0.0,1.0,0.5,0.0,0.0,0.0
87671561,87671496,0.0,0.528,0.0,1.0,0.5,0.0,0.0,0.0
87724546,87724477,0.0,0.579,0.0,1.0,0.5,0.0,0.0,0.0
87776564,87776499,0.0,0.702,0.0,1.0,0.5,0.0,0.0,0.0
87828685,87828606,0.0,0.866,0.0,1.0,0.5,0.0,0.0,0.0
87880624,87880523,0.0,1.0,0.0,1.0,0.5,0.0,0.0,0.0
87933535,87933466,0.0,1.0,0.0,1.0,0.5,0.0,0.0,0.0
87985534,87985466,0.0,1.0,0.0,1.0,0.5,0.0,0.0,0.0
88037624,88037559,0.0,1.0,0.0,1.0,0.5,0.0,0.0,0.0
88089547,88089482,0.0,1.0,0.0,1.0,0.5,0.0,0.0,0.0
88141543,88141478,0.0,1.0,0.0,1.0,0.5,0.0,0.0,0.0
88197576,88197482,0.0,1.0,0.0,1.0,0.5,0.0,0.0,0.0
88249561,88249496,0.0,1.0,0.0,1.0,0.5,0.0,0.0,0.0
88301620,88301551,0.0,1.0,0.0,1.0,0.5,0.0,0.0,0.0
88354579,88354485,0.0,1.0,0.0,1.0,0.5,0.0,0.0,0.0
88406564,88406499,0.0,0.917,0.0,1.0,0.5,0.0,0.0,0.0
88457616,88457521,0.0,0.794,0.0,1.0,0.5,0.0,0.0,0.0
88509546,88509477,0.0,0.753,0.0,1.0,0.5,0.0,0.0,0.0
88561567,88561498,0.0,0.784,0.0,1.0,0.5,0.0,0.0,0.0
88617597,88617528,0.0,0.825,0.0,1.0,0.5,0.0,0.0,0.0
88669578,88669484,0.0,0.846,0.0,1.0,0.5,0.0,0.0,0.0
88722545,88722477,0.0,0.846,0.0,1.0,0.5,0.0,0.0,0.0
88774664,88774599,0.0,0.805,0.0,1.0,0.5,0.0,0.0,0.0
88826546,88826481,0.0,0.764,0.0,1.0,0.5,0.0,0.0,0.0
88879534,88879469,0.0,0.723,0.0,1.0,0.5,0.0,0.0,0.0
88930538,88930466,0.0,0.723,0.0,1.0,0.5,0.0,0.0,0.0
88981032,88980962,0.0,0.723,0.0,1.0,0.5,0.0,0.0,0.0
89035545,89035480,0.0,0.723,0.0,1.0,0.5,0.0,0.0,0.0
89089616,89089521,0.0,0.723,0.0,1.0,0.5,0.0,0.0,0.0
89141805,89141739,0.0,0.723,0.0,1.0,0.5,0.0,0.0,0.0
89190566,89190497,0.0,0.589,0.0,1.0,0.5,0.0,0.0,0.0
89242542,89242477,0.0,0.538,0.0,1.0,0.5,0.0,0.0,0.0
89296582,89296517,0.0,0.538,0.0,1.0,0.5,0.0,0.0,0.0
89348560,89348494,0.0,0.538,0.0,1.0,0.5,0.0,0.0,0.0
89401655,89401590,0.0,0.558,0.0,0.953,0.5,0.0,0.0,0.0
89455566,89455500,0.0,0.579,0.0,0.923,0.5,0.0,0.0,0.0
89508565,89508500,0.0,0.641,0.0,0.871,0.5,0.0,0.0,0.0
89559561,89559495,0.0,0.692,0.0,0.835,0.5,0.0,0.0,0.0
89610621,89610556,0.0,0.733,0.0,0.758,0.5,0.0,0.0,0.0
89667546,89667481,0.0,0.733,0.0,0.661,0.5,0.0,0.0,0.0
89719593,89719528,0.0,0.733,0.0,0.589,0.5,0.0,0.0,0.0
89772550,89772480,0.0,0.733,0.0,0.5,0.5,0.0,0.0,0.0
89821546,89821477,0.0,0.733,0.0,0.5,0.5,0.0,0.0,0.0
89876547,89876478,0.0,0.733,0.0,0.441,0.5,0.0,0.0,0.0
89929619,89929554,0.0,0.733,0.0,0.353,0.5,0.0,0.0,0.0
89982534,89982466,0.0,0.733,0.0,0.307,0.5,0.0,0.0,0.0
90032546,90032481,0.0,0.733,0.0,0.307,0.5,0.0,0.0,0.0
90083616,90083551,0.0,0.558,0.0,0.174,0.5,0.0,0.0,0.0
90139546,90139477,0.0,0.435,0.0,0.117,0.5,0.0,0.0,0.0
90192543,90192478,0.0,0.261,0.0,0.051,0.5,0.0,0.0,0.0
90241542,90241477,0.0,0.148,0.0,0.015,0.5,0.0,0.0,0.0
90295562,90295497,0.0,0.056,0.0,0.0,0.5,0.0,0.0,0.0
90346641,90346573,0.0,0.0,0.0,0.0,0.5,0.0,0.0,0.0
90402725,90402646,0.0,0.0,0.0,0.0,0.5,0.0,0.0,0.0
90452687,90452622,0.0,0.0,0.0,0.0,0.5,0.0,0.0,0.0
90506659,90506594,0.0,0.0,0.0,0.0,0.5,0.0,0.0,0.0
90558585,90558485,0.0,0.0,0.0,0.0,0.5,0.0,0.0,0.0
90610564,90610499,0.0,0.0,0.0,0.0,0.5,0.0,0.0,0.0
90662534,90662466,0.0,0.0,0.0,0.0,0.5,0.0,0.0,0.0
90715547,90715482,0.0,0.0,0.0,0.0,0.5,0.0,0.0,0.0
90767581,90767486,0.0,0.0,0.0,0.0,0.5,0.0,0.0,0.0
90818563,90818494,0.0,0.0,0.0,0.0,0.5,0.0,0.0,0.0
90871546,90871477,0.0,0.0,0.0,0.0,0.5,0.0,0.0,0.0
90927594,90927493,0.0,0.0,0.0,0.0,0.5,0.0,0.0,0.0
90978534,90978466,0.0,0.0,0.0,0.0,0.5,0.0,0.0,0.0
91031546,91031481,0.0,0.0,0.0,0.0,0.5,0.0,0.0,0.0
91082110,91082038,0.0,0.0,0.0,0.0,0.5,0.0,0.0,0.0
91135544,91135478,0.0,0.0,0.0,0.0,0.5,0.0,0.0,0.0
91185689,91185615,0.0,0.0,0.0,0.0,0.5,0.0,0.0,0.0
91242543,91242478,0.0,0.0,0.0,0.0,0.5,0.0,0.0,0.0
91291567,91291502,0.0,0.0,0.0,0.0,0.5,0.0,0.0,0.0
91347574,91347505,0.0,0.0,0.0,0.0,0.5,0.0,0.0,0.0
91399542,91399477,0.0,0.0,0.0,0.0,0.5,0.0,0.0,0.0
91451567,91451501,0.0,0.0,0.0,0.0,0.5,0.0,0.0,0.0
91504566,91504500,0.0,0.0,0.0,0.0,0.5,0.0,0.0,0.0
91556532,91556466,0.0,0.0,0.0,0.0,0.5,0.0,0.0,0.0
91607209,91607143,0.0,0.0,0.0,0.0,0.5,0.0,0.0,0.0
91660547,91660481,0.0,0.0,0.0,0.0,0.5,0.0,0.0,0.0
91712574,91712509,0.0,0.0,0.0,0.0,0.5,0.0,0.0,0.0
91764543,91764477,0.0,0.0,0.0,0.0,0.5,0.0,0.0,0.0
91817538,91817467,0.0,0.0,0.0,0.0,0.5,0.0,0.0,0.0
91871274,91871208,0.0,0.0,0.0,0.0,0.5,0.0,0.0,0.0
91924543,91924477,0.0,0.0,0.0,0.0,0.5,0.0,0.0,0.0
91977565,91977499,0.0,0.0,0.0,0.0,0.5,0.0,0.0,0.0
92029543,92029478,0.0,0.0,0.0,0.0,0.5,0.0,0.0,0.0
92081566,92081500,0.0,0.0,0.0,0.0,0.5,0.0,0.0,0.0
92132242,92132176,0.0,0.0,0.0,0.0,0.5,0.0,0.0,0.0
92185627,92185531,0.0,0.0,0.0,0.0,0.5,0.0,0.0,0.0
92237546,92237481,0.0,0.0,0.0,0.0,0.5,0.0,0.0,0.0
92289562,92289497,0.0,0.0,0.0,0.0,0.5,0.0,0.0,0.0
92341541,92341472,0.0,0.0,0.0,0.0,0.5,0.0,0.0,0.0
92397542,92397477,0.0,0.0,0.0,0.0,0.5,0.0,0.0,0.0
92449578,92449513,0.0,0.0,0.0,0.0,0.5,0.0,0.0,0.0
92501544,92501479,0.0,0.0,0.0,0.0,0.5,0.0,0.0,0.0
92553570,92553505,0.0,0.0,0.0,0.0,0.5,0.0,0.0,0.0
92605548,92605483,0.0,0.0,0.0,0.0,0.5,0.0,0.0,0.0
92656250,92656184,0.0,0.0,0.0,0.0,0.5,0.0,0.0,0.0
92710541,92710476,0.0,0.0,0.0,0.0,0.5,0.0,0.0,0.0
92761621,92761521,0.0,0.0,0.0,0.0,0.5,0.0,0.0,0.0
92813542,92813477,0.0,0.0,0.0,0.0,0.5,0.0,0.0,0.0
92865484,92865382,0.0,0.0,0.0,0.0,0.5,0.0,0.0,0.0
92918560,92918495,0.0,0.0,0.0,0.0,0.5,0.0,0.0,0.0
92974541,92974476,0.0,0.0,0.0,0.0,0.5,0.0,0.0,0.0
93026588,93026523,0.0,0.0,0.0,0.0,0.5,0.0,0.0,0.0
93078541,93078476,0.0,0.0,0.0,0.0,0.5,0.0,0.0,0.0
93130681,93130616,0.0,0.0,0.0,0.0,0.5,0.0,0.0,0.0
93182541,93182476,0.0,0.0,0.0,0.0,0.5,0.0,0.0,0.0
93236548,93236476,0.0,0.0,0.0,0.0,0.5,0.0,0.0,0.0
93288559,93288495,0.0,0.0,0.0,0.0,0.5,0.0,0.0,0.0
93340541,93340476,0.0,0.0,0.0,0.0,0.5,0.0,0.0,0.0
93392546,93392477,0.0,0.0,0.0,0.0,0.5,0.0,0.0,0.0
93444590,93444522,0.0,0.0,0.0,0.0,0.5,0.0,0.0,0.0
93497530,93497464,0.0,0.0,0.0,0.0,0.5,0.0,0.0,0.0
93550545,93550476,0.0,0.0,0.0,0.0,0.5,0.0,0.0,0.0
93602543,93602478,0.0,0.0,0.0,0.0,0.5,0.0,0.0,0.0
93654540,93654475,0.0,0.0,0.0,0.0,0.5,0.0,0.0,0.0
93708722,93708653,0.0,0.0,0.0,0.0,0.5,0.0,0.0,0.0
93762543,93762478,0.0,0.0,0.0,0.0,0.5,0.0,0.0,0.0
93809201,93809136,0.0,0.0,0.0,0.0,0.5,0.0,0.0,0.0
93866544,93866476,0.0,0.0,0.0,0.0,0.5,0.0,0.0,0.0
